"","sm_8","elev","wind","p1day","p2day","p3day","p4day","p5day","slope","aspect","long","lat","prediction","resid","cv_predictions","cv_resid"
"1",0.206,2712.72,-999999,0,0,0,0,2.54000000000004,5.31919222501763,205.054813821629,-112.27118,37.52217,0.152972156866944,0.0530278431330556,0.152702110441296,0.053297889558704
"2",0.042,2675.2296,-999999,17.78,17.78,17.78,20.3199999999999,35.56,3.95047486667911,276.221754388551,-110.8277,40.8852,0.206453631284916,-0.164453631284916,0.198435633333333,-0.156435633333333
"3",0.337,2435.352,-999999,0,0,0,0,22.8600000000001,6.162584651194,316.531027385469,-111.55813,39.13683,0.177231557792167,0.159768442207833,0.176834178217503,0.160165821782497
"4",0.115,2523.744,-999999,15.24,15.24,15.24,15.24,35.56,3.40785973800343,248.595657437327,-111.09782,40.61233,0.13838671875,-0.02338671875,0.161022033333333,-0.0460220333333331
"5",0.174,2343.6072,-999999,5.08000000000007,7.61999999999993,7.61999999999993,12.7,25.4,15.0124421218316,32.3431696224811,-111.94405,41.37603,0.113728243021346,0.0602717569786535,0.108201783333333,0.0657982166666667
"6",0.179,1820.2656,-999999,15.24,22.86,22.86,22.86,40.64,9.28511653154872,84.1669059814197,-111.92103,41.38291,0.169636507936508,0.00936349206349205,0.155302,0.023698
"7",0,1987.296,-999999,5.08000000000007,5.08000000000007,5.08000000000007,5.08000000000007,20.3200000000001,13.4411730589671,249.350032274164,-112.25233,40.46182,0.121208958333333,-0.121208958333333,0.115730966666667,-0.115730966666667
"8",0.219,3154.3752,-999999,0,0,0,0,12.7,4.91499314420566,304.222593992587,-112.35672,38.30183,0.190113986455464,0.0288860135445363,0.155299470704617,0.0637005292953829
"9",0.244,2869.3872,-999999,0,0,0,0,5.07999999999998,2.52835301842566,168.377326983121,-111.59765,38.6799,0.162846736094604,0.0811532639053963,0.162615725277444,0.0813842747225564
"10",0.035,2703.2712,-999999,15.2399999999999,15.2399999999999,15.2399999999999,20.3199999999999,35.56,8.30808671591534,70.3157507585538,-110.5828,40.95814,0.165532279693487,-0.130532279693487,0.172619766666667,-0.137619766666667
"11",0.242,2840.4312,-999999,0,0,0,2.54000000000004,27.94,1.94972475674023,346.637584893566,-112.15349,38.94569,0.265379934021801,-0.0233799340218015,0.268625506247124,-0.0266255062471239
"12",0.216,3003.1944,-999999,0,2.54000000000004,2.54000000000004,2.54000000000004,10.1600000000001,2.21813090579515,43.3471890202911,-112.01856,38.50809,0.215965293040293,3.47069597069483e-05,0.221215000932401,-0.0052150009324009
"13",0.069,2812.6944,-999999,0,0,0,0,10.16,4.87937267194988,162.944180457569,-112.00779,38.49746,0.204698798938861,-0.135698798938861,0.196683229928307,-0.127683229928307
"14",0.098,3059.8872,-999999,2.53999999999986,2.53999999999986,2.53999999999986,2.53999999999986,2.53999999999986,5.64090687987951,308.348252402824,-112.85674,37.67994,0.176012425354144,-0.0780124253541436,0.176216584413919,-0.0782165844139193
"15",0.028,2671.8768,-999999,0,5.07999999999989,5.07999999999989,17.7799999999999,40.64,7.03421999512963,311.67617759705,-111.58167,40.59936,0.206400364298725,-0.178400364298725,0.217521928571429,-0.189521928571429
"16",0.118,3222.9552,-999999,5.07999999999989,5.07999999999989,5.07999999999989,7.61999999999993,17.7799999999999,7.77482044050159,344.409734913822,-110.58587,40.58102,0.199967753623188,-0.0819677536231884,0.2070334,-0.0890334
"17",0.371,2867.8632,-999999,0,0,0,0,25.4,3.00648372765199,81.6603841663929,-111.43722,39.134,0.224572128236092,0.146427871763908,0.23579276988012,0.13520723011988
"18",0.42,2935.8336,-999999,15.24,15.24,15.24,17.7799999999999,35.56,3.1130633608834,60.6185438404762,-110.66068,40.84456,0.203103703703704,0.216896296296296,0.171264033333333,0.248735966666667
"19",0.247,2720.0352,-999999,0,0,0,0,0,13.5188523980677,324.871550650295,-109.44717,37.86943,0.127608121936647,0.119391878063353,0.137864516965686,0.109135483034314
"20",0.178,2434.4376,-999999,17.7800000000001,33.0200000000001,33.0200000000001,33.0200000000001,43.1800000000001,5.56619152056253,12.4508337682386,-111.41987,41.68541,0.185762571428571,-0.00776257142857142,0.1817117,-0.00371169999999962
"21",0.297,2438.4,-999999,12.7,12.7,12.7,17.78,30.48,3.51628368823857,61.2484362358849,-110.85075,40.98492,0.154047442680776,0.142952557319224,0.1599128,0.1370872
"22",0.084,2699.9184,-999999,0,0,0,0,0,8.62502901907163,299.286458402785,-109.48723,37.81333,0.172274727160206,-0.0882747271602061,0.178540007773984,-0.0945400077739843
"23",0.108,2369.5152,-999999,2.53999999999986,5.07999999999989,5.07999999999989,5.07999999999989,30.4799999999999,10.4474712202808,22.4343331424714,-111.60992,40.283,0.112119472789116,-0.00411947278911566,0.116183,-0.00818299999999998
"24",0.23,2928.2136,-999999,0,0,0,0,2.53999999999986,3.71745818333276,120.763736352483,-112.74093,37.66098,0.172761647851463,0.0572383521485373,0.182053897309259,0.0479461026907406
"25",0.374,2795.3208,-999999,22.86,22.86,22.86,25.4,60.96,5.73211452941711,3.63729908186658,-111.04765,40.85464,0.234475774134791,0.139524225865209,0.2271853,0.1468147
"26",0.253,2501.7984,-999999,25.4,25.4,25.4,25.4,66.04,9.06713119727078,351.49338610772,-111.06954,40.88529,0.195201724137931,0.057798275862069,0.1891711,0.0638289000000002
"27",0.067,3200.0952,-999999,0,0,0,2.54000000000004,5.07999999999998,4.81420295707537,72.1221681040476,-110.0105,40.77458,0.185367203568037,-0.118367203568037,0.183264919623372,-0.116264919623372
"28",0.175,3062.9352,-999999,0,0,0,0,2.54000000000004,1.99267903516622,73.5173214908421,-111.83355,37.9725,0.168777115248544,0.00622288475145616,0.171294723920822,0.00370527607917776
"29",0.065,2735.58,-999999,0,0,0,0,22.86,7.46890519094466,329.635248672174,-111.28363,39.86671,0.235358041605567,-0.170358041605567,0.217998762914365,-0.152998762914365
"30",0.14,2388.7176,-999999,0,0,0,0,17.78,10.4026074470857,352.289177508806,-111.25154,39.89275,0.175609236302418,-0.0356092363024181,0.173291769817716,-0.0332917698177159
"31",0.146,2501.4936,-999999,0,0,0,2.53999999999995,10.16,9.07746463032776,264.066244448243,-110.37906,39.65795,0.126145669593088,0.0198543304069119,0.125638416716617,0.0203615832833831
"32",0.034,2412.492,-999999,5.07999999999998,5.07999999999998,5.07999999999998,5.07999999999998,17.78,9.9111343996748,150.210266073295,-111.08993,40.35747,0.0779547892720306,-0.0439547892720306,0.0866768666666666,-0.0526768666666666
"33",0.066,2440.8384,0.715264,5.07999999999989,5.07999999999989,5.07999999999989,7.61999999999993,27.94,5.3148290508557,95.5402282646529,-111.25677,40.2953,0.151059222919937,-0.0850592229199372,0.164018866666667,-0.0980188666666665
"34",0.264,2812.6944,-999999,0,0,0,2.53999999999986,25.4,6.51346322891606,99.1879523938997,-111.46875,39.04554,0.229937305039458,0.0340626949605419,0.253543947985348,0.0104560520146522
"35",0.12,2986.7352,-999999,0,0,0,0,5.07999999999998,3.00194752199995,106.058467199644,-111.47412,38.2084,0.206579746474075,-0.0865797464740749,0.197220712863933,-0.0772207128639332
"36",0.085,2530.4496,-999999,25.4,35.56,35.56,35.56,53.34,6.20676555932605,217.456914158822,-111.5377,41.41289,0.212827655677656,-0.127827655677656,0.182501333333333,-0.0975013333333333
"37",0.059,2161.9464,-999999,10.16,10.16,10.16,10.16,35.56,11.5651065749375,66.4799663157501,-112.17343,40.56533,0.115009107468124,-0.0560091074681239,0.108209566666667,-0.0492095666666666
"38",0.08,2530.4496,-999999,0,0,0,0,7.62000000000002,9.613890866062,56.6058664010714,-109.53179,39.31213,0.0973027806899088,-0.0173027806899088,0.0902995035054009,-0.0102995035054009
"39",0.368,2852.928,-999999,10.16,10.16,10.16,15.24,22.86,2.47042304675998,96.3358579362003,-110.54056,40.88472,0.211655213675214,0.156344786324786,0.204803266666667,0.163196733333333
"40",0.076,2408.5296,-999999,12.7,15.2399999999999,15.2399999999999,15.2399999999999,45.7199999999999,9.22052582990105,20.4400312376757,-111.80975,40.97462,0.167674193548387,-0.0916741935483871,0.158657366666667,-0.0826573666666666
"41",0.108,2066.2392,-999999,15.24,17.7799999999999,17.7799999999999,17.7799999999999,43.1799999999999,6.74311437142809,238.672445512467,-111.81702,40.992,0.12215,-0.01415,0.109666066666667,-0.00166606666666658
"42",0.271,2933.0904,-999999,0,0,0,0,15.24,6.94305472413573,350.521930432168,-111.67662,38.77246,0.196913875375325,0.0740861246246751,0.201103601360832,0.0698963986391675
"43",0.219,2681.6304,-999999,0,0,0,0,5.08000000000007,2.9719302507419,100.63829717044,-111.76693,38.50455,0.158723260663956,0.0602767393360443,0.172623548972593,0.0463764510274075
"44",0.249,3335.4264,-999999,2.54000000000004,2.54000000000004,2.54000000000004,2.54000000000004,10.1600000000001,3.11339451730435,142.841714644444,-110.46721,40.71785,0.257925304878049,-0.00892530487804877,0.241783533333333,0.00721646666666745
"45",0.118,2348.484,-999999,20.3200000000001,35.5600000000001,35.5600000000001,38.1,48.2600000000001,5.52378140066952,344.247917842098,-111.4693,41.9215,0.173786363636364,-0.0557863636363636,0.182478788888889,-0.0644787888888889
"46",0.076,2536.5456,-999999,0,0,0,0,0,10.4066182110862,281.194479111336,-113.45988,37.40083,0.159455786739165,-0.0834557867391648,0.165670706142283,-0.0896707061422826
"47",0.295,2682.5448,-999999,0,0,0,2.54000000000004,17.7800000000001,3.27371307234282,314.76923237636,-111.48827,39.32019,0.188909413399118,0.106090586600882,0.178866472571872,0.116133527428128
"48",0.268,3004.7184,-999999,0,0,0,5.07999999999989,25.4,5.73513096193427,295.049841445064,-111.45383,39.30229,0.237581612318841,0.0304183876811595,0.246625795394053,0.0213742046059474
"49",0.111,2732.2272,-999999,2.54000000000004,5.08000000000007,5.08000000000007,5.08000000000007,10.1600000000001,7.86024447921415,330.983683683026,-113.41154,41.91562,0.136670971177945,-0.0256709711779449,0.138139393939394,-0.0271393939393938
"50",0.277,2421.3312,-999999,0,0,2.54000000000004,2.54000000000004,12.7,4.68528350985944,29.1701262333751,-111.68333,38.80034,0.159441869918699,0.117558130081301,0.149581517323481,0.127418482676519
"51",0.216,2559.1008,-999999,0,0,0,0,10.16,7.27452129873387,348.215166499518,-111.68892,38.7882,0.160304569723766,0.0556954302762344,0.15244611124871,0.0635538887512899
"52",0.205,2061.3624,-999999,0,0,0,0,2.53999999999995,6.32000328836922,312.64528914307,-113.94235,37.49617,0.144064808624289,0.060935191375711,0.144359884791416,0.0606401152085837
"53",0.252,2209.8,-999999,10.1600000000001,12.7,12.7,15.24,48.2600000000001,14.7082350676891,262.552919559153,-111.71865,40.86833,0.123454363001745,0.128545636998255,0.121302333333333,0.130697666666667
"54",0.25,2375.0016,-999999,0,0,0,0,0,0.488048398144329,74.8993447089357,-112.57602,37.48997,0.166906743884754,0.0830932561152461,0.153891323296068,0.0961086767039324
"55",0.219,2782.824,-999999,22.86,22.86,22.86,25.4,68.5799999999999,13.2033799668674,107.823038821219,-110.88472,40.79669,0.242680473372781,-0.0236804733727811,0.241790933333333,-0.022790933333333
"56",0.113,2895.6,-999999,15.24,15.24,15.24,17.78,27.94,4.67974201067447,79.0557993590176,-110.48419,40.95009,0.263573278985507,-0.150573278985507,0.2652166,-0.1522166
"57",0.265,2780.3856,-999999,0,2.54000000000004,2.54000000000004,2.54000000000004,10.1600000000001,3.68328535935566,47.1201280885453,-109.96287,40.90663,0.204402502705628,0.0605974972943723,0.191358236996337,0.0736417630036632
"58",0.105,2248.5096,-999999,2.54000000000004,2.54000000000004,2.54000000000004,2.54000000000004,20.3200000000001,2.70833013591178,348.257421801877,-111.35971,40.18538,0.179488186813187,-0.0744881868131868,0.162104028571428,-0.0571040285714285
"59",0.137,2794.4064,-999999,7.62000000000002,10.1600000000001,10.1600000000001,10.1600000000001,17.78,7.62550819393992,357.699764698322,-110.18623,40.92167,0.159116483516483,-0.0221164835164835,0.158242366666667,-0.0212423666666667
"60",0.032,2499.0552,-999999,17.7800000000001,25.4,25.4,25.4,50.8,5.12826655628208,131.260224562874,-111.44624,41.31372,0.163970209339775,-0.131970209339775,0.170399333333333,-0.138399333333333
"61",0.349,2941.9296,-999999,0,0,0,0,35.56,6.04688842988731,342.701397570595,-111.30576,39.61774,0.25869695293504,0.0903030470649604,0.243779346933768,0.105220653066232
"62",0.102,2795.3208,-999999,0,0,0,0,17.7800000000001,7.26783208074509,38.4049088436912,-110.74604,39.89166,0.165903812155275,-0.0639038121552749,0.183117769735991,-0.0811177697359912
"63",0.148,2971.4952,-999999,0,0,0,0,5.07999999999998,5.99670788525458,315.507662095402,-112.16788,38.07125,0.179672889227167,-0.0316728892271673,0.171376233972373,-0.0233762339723731
"64",0.076,2200.656,-999999,10.1600000000001,15.24,15.24,15.24,27.94,3.10803924093729,74.6129862844264,-111.41249,41.24764,0.194091012216405,-0.118091012216405,0.1719572,-0.0959572
"65",0.337,2773.9848,-999999,0,0,0,0,15.2399999999999,9.92519519289198,343.411034323224,-112.39273,38.48383,0.172539410204439,0.164460589795561,0.161215094169095,0.175784905830905
"66",0.157,2660.2944,-999999,0,0,2.54000000000004,2.54000000000004,12.7,2.37777796648129,127.144456474851,-109.54401,40.71632,0.189946825396825,-0.0329468253968254,0.170704288888889,-0.0137042888888889
"67",0.23,2209.8,-999999,30.4800000000001,45.7200000000001,45.7200000000001,48.26,50.8,5.11309212008875,94.551189214745,-111.59713,41.96769,0.1921428125,0.0378571875,0.206900233333333,0.023099766666667
"68",0.117,2823.3624,-999999,0,0,0,0,0,6.89463067775264,9.36339052473276,-113.05386,37.52664,0.178885700925959,-0.0618857009259594,0.194181269851215,-0.0771812698512153
"69",0.35,3087.0144,-999999,2.54000000000004,2.54000000000004,2.54000000000004,2.54000000000004,12.7,3.44413452136889,122.815020426075,-110.43316,40.59709,0.202608578431373,0.147391421568627,0.181702280952381,0.168297719047619
"70",0.057,2579.8272,-999999,0,0,0,0,10.1600000000001,3.39571853959367,85.5758542313643,-110.3529,40.5502,0.196452113358368,-0.139452113358368,0.200937610130576,-0.143937610130576
"71",0.392,3317.748,-999999,12.7,12.7,12.7,25.4,35.56,2.57205874413576,175.151457770675,-110.62121,40.73785,0.272489716312057,0.119510283687943,0.270046733333333,0.121953266666667
"72",0.13,2919.3744,-999999,0,0,0,0,0,6.53208208644803,340.276104446675,-109.27198,38.48226,0.181436078127466,-0.0514360781274661,0.193153730644089,-0.0631537306440892
"73",0.158,2677.0584,-999999,0,0,0,0,5.07999999999998,9.70399124124072,296.64925110685,-109.29164,38.48167,0.147329659568238,0.0106703404317624,0.138522441047139,0.0194775589528607
"74",0.164,2503.932,-999999,33.0199999999999,40.6399999999999,40.6399999999999,40.6399999999999,76.2,5.54656278111597,216.326370225795,-111.48749,41.35891,0.217094384057971,-0.053094384057971,0.197795633333333,-0.033795633333333
"75",0.182,2783.7384,-999999,15.24,15.24,15.24,17.78,33.02,8.78347907331468,310.921140783392,-110.79813,40.86493,0.14924637254902,0.0327536274509804,0.143333966666666,0.0386660333333335
"76",0.193,1995.8304,-999999,15.24,30.4799999999999,30.4799999999999,30.4799999999999,48.26,11.9740899857767,323.621013074099,-111.82607,41.40562,0.182332752902156,0.0106672470978441,0.178759766666667,0.0142402333333334
"77",0.198,1848.612,-999999,0,0,0,0,2.54000000000004,4.02477482727157,63.0659106673485,-113.84582,37.48631,0.150336680359695,0.0476633196403052,0.153184726194623,0.0448152738053772
"78",0.11,2868.168,-999999,0,0,0,0,0,35.3538918555439,341.875887604634,-110.77241,38.07,0.212806340852321,-0.102806340852321,0.213037471858534,-0.103037471858534
"79",0.067,2432.9136,-999999,0,0,0,0,2.54000000000004,1.292882696205,318.617227349942,-113.39661,37.51255,0.186893519274376,-0.119893519274376,0.189904499188852,-0.122904499188852
"80",0.151,2275.332,-999999,0,0,0,0,0,2.90417103548125,166.81930833931,-112.51458,37.48756,0.147288519230365,0.00371148076963537,0.166383382475817,-0.0153833824758171
"81",0.044,2487.4728,-999999,7.61999999999993,7.61999999999993,7.61999999999993,7.61999999999993,43.1799999999999,12.2648649664965,86.2438186878203,-111.70965,40.83731,0.0884374570446736,-0.0444374570446736,0.0910885333333332,-0.0470885333333332
"82",0.213,1853.7936,-999999,7.62000000000002,10.1600000000001,10.1600000000001,10.1600000000001,17.78,4.58912835824072,119.093915697076,-111.35947,41.22155,0.120690957446809,0.0923090425531915,0.132725866666667,0.0802741333333334
"83",0.058,2042.16,1.162304,2.54000000000004,2.54000000000004,2.54000000000004,5.08000000000007,40.64,5.24277647091345,194.233985351728,-111.76457,40.83033,0.144794660194175,-0.0867946601941748,0.148560533333333,-0.0905605333333333
"84",0.323,2654.5032,-999999,0,2.54000000000004,5.07999999999989,7.61999999999993,35.56,5.0587264094256,271.67886676203,-111.31818,39.68338,0.180416166056166,0.142583833943834,0.175960090476191,0.147039909523809
"85",0.063,2653.284,-999999,0,0,0,0,12.7,13.0164426939311,143.743368705244,-112.43637,38.30285,0.159904412257075,-0.096904412257075,0.158455049710875,-0.0954550497108752
"86",0.22,2995.2696,-999999,0,0,0,0,0,14.1703998352498,9.34769748979031,-112.83849,37.56933,0.144141954782078,0.0758580452179216,0.141457876237353,0.0785421237626468
"87",0.022,2731.9224,-999999,15.24,15.24,15.24,15.24,43.1800000000001,8.38119774734146,201.174013084523,-111.63683,40.65883,0.133627167630058,-0.111627167630058,0.129683633333333,-0.107683633333333
"88",0.11,2528.316,-999999,0,0,0,2.53999999999986,7.61999999999993,22.9059013754336,10.544418296131,-112.61141,40.49384,0.166744175609965,-0.0567441756099651,0.153836226623377,-0.0438362266233766
"89",0.324,2722.4736,-999999,25.4,38.1,38.1,38.1,48.26,6.48785682081279,53.2650674418595,-111.49688,41.46547,0.166928596491228,0.157071403508772,0.193447533333333,0.130552466666667
"90",0.083,2911.7544,-999999,0,0,0,2.54000000000004,17.7800000000001,5.07972193916552,54.7756529636995,-109.8881,40.60798,0.219816889483066,-0.136816889483066,0.215459324098124,-0.132459324098124
"91",0.238,2902.9152,-999999,0,0,2.54000000000004,2.54000000000004,22.86,10.5416966057642,15.5072434983871,-111.50527,39.13648,0.196146254826255,0.0418537451737452,0.177331098165869,0.0606689018341308
"92",0.122,2806.9032,-999999,0,0,0,0,0,20.9022118464879,27.2595119457326,-110.7933,37.97793,0.162097290527768,-0.0400972905277679,0.166947170776255,-0.044947170776255
"93",0.047,2392.68,-999999,5.07999999999998,7.62000000000002,7.62000000000002,7.62000000000002,20.32,12.5174276028978,87.4647162697386,-112.32639,39.3485,0.0768281981981982,-0.0298281981981982,0.0766226666666666,-0.0296226666666666
"94",0.319,2545.08,-999999,0,0,0,0,0,3.4352742698029,24.8557755188706,-112.65037,37.70463,0.170480876564269,0.148519123435731,0.162659293289799,0.156340706710201
"95",0.381,2311.908,-999999,15.24,20.3199999999999,20.3199999999999,20.3199999999999,66.04,10.5244960811505,21.1217135547405,-111.62917,40.76184,0.178792210144928,0.202207789855072,0.174524823809524,0.206475176190476
"96",0.079,2359.152,-999999,10.16,12.7,12.7,12.7,38.1,9.01236146729713,264.21959801095,-111.81372,40.93417,0.147003297682709,-0.0680032976827094,0.108233766666667,-0.0292337666666667
"97",0.268,2451.8112,-999999,0,0,0,0,22.86,0.765692948433411,150.564638781563,-111.63109,39.92976,0.163477152014652,0.104522847985348,0.165843199392297,0.102156800607703
"98",0.273,2749.296,-999999,0,0,0,2.53999999999995,20.32,14.9779788777463,153.997520745287,-111.58259,39.01219,0.161347387539361,0.111652612460639,0.174749516280877,0.098250483719123
"99",0.224,2662.1232,-999999,0,2.54000000000004,7.61999999999993,7.61999999999993,33.0199999999999,12.7904041288582,270.717571715753,-112.24915,38.88185,0.157053812056738,0.0669461879432624,0.160209041558441,0.0637909584415586
"100",0.27,2739.5424,-999999,0,0,0,2.53999999999986,20.3199999999999,3.31303100025535,133.502399070471,-111.27221,39.45197,0.205813204209024,0.0641867957909756,0.170223903174603,0.0997760968253969
"101",0.245,2600.5536,-999999,5.07999999999989,5.07999999999989,5.07999999999989,7.61999999999993,35.56,6.42193078047891,309.859155551909,-111.21765,40.67505,0.116169132149901,0.128830867850099,0.144547133333333,0.100452866666667
"102",0.144,2196.3888,-999999,0,0,0,0,25.4,13.4216278224614,54.4714766530526,-111.72508,39.49667,0.134876593552978,0.0091234064470222,0.131919287752085,0.0120807122479145
"103",0.059,2403.6528,-999999,5.07999999999998,5.07999999999998,5.07999999999998,5.07999999999998,12.7,3.64112377029553,127.100584641127,-110.69292,40.54875,0.147306578947368,-0.0883065789473684,0.134721066666667,-0.0757210666666666
"104",0.063,2652.9792,-999999,10.1600000000001,10.1600000000001,10.1600000000001,10.1600000000001,12.7,12.5612409808482,311.882154201085,-112.22377,40.44293,0.138507034632035,-0.0755070346320346,0.152432119047619,-0.0894321190476191
"105",0.15,2388.108,-999999,0,2.53999999999986,2.53999999999986,2.53999999999986,20.3199999999999,13.3536357927216,254.942445860941,-111.71802,39.92076,0.128704364676292,0.021295635323708,0.145743035819736,0.00425696418026419
"106",0.156,3018.7392,5.632704,0,0,0,0,20.32,1.61067734619338,105.39893863257,-111.43297,39.31042,0.212673642676768,-0.0566736426767677,0.201654491025641,-0.0456544910256409
"107",0.158,2325.9288,-999999,17.78,17.78,17.78,20.32,35.5600000000001,13.8042509452208,326.065155556263,-111.09192,40.78931,0.157847222222222,0.000152777777777779,0.157454633333333,0.000545366666666547
"108",0.261,2797.1496,-999999,15.2399999999999,15.2399999999999,15.2399999999999,22.86,53.3399999999999,9.33167609260143,316.482478274671,-111.65852,40.56914,0.138995906432749,0.122004093567252,0.139367566666667,0.121632433333333
"109",0.213,3119.628,-999999,0,2.54000000000004,5.07999999999998,5.07999999999998,7.62000000000002,5.78861559910835,93.2586016541101,-110.00527,40.83868,0.176612149059517,0.0363878509404825,0.166849077489178,0.0461509225108224
"110",0.355,3096.1584,-999999,17.7799999999999,17.7799999999999,17.7799999999999,20.3199999999999,33.0199999999999,7.87086566373534,15.6231822346781,-110.50462,40.90862,0.18665791433892,0.16834208566108,0.133437066666667,0.221562933333333
"111",0,2475.8904,-999999,0,0,0,0,17.7799999999999,8.27567182027158,61.9897328320579,-111.20665,40.16483,0.109616520906232,-0.109616520906232,0.128423368625196,-0.128423368625196
"112",0.091,3053.4864,-999999,0,0,0,0,0,8.36634496524058,16.8040226556162,-111.33981,38.048,0.173949112704589,-0.0829491127045894,0.167092727917475,-0.076092727917475
"113",0.229,2453.64,-999999,0,2.54000000000004,2.54000000000004,2.54000000000004,2.54000000000004,6.84951728079931,7.17333610453562,-112.92949,37.59711,0.153064386724387,0.0759356132756133,0.182518783443127,0.046481216556873
"114",0.047,2780.3856,-999999,2.54000000000004,2.54000000000004,2.54000000000004,2.54000000000004,2.54000000000004,5.48769764294204,14.2238618029459,-113.98262,39.74104,0.192197968758624,-0.145197968758625,0.202229357961973,-0.155229357961973
"115",0.161,2257.3488,-999999,10.16,20.3199999999999,20.3199999999999,20.3199999999999,25.4,8.4633305773902,310.574297648952,-111.54605,41.793,0.163086657559199,-0.00208665755919854,0.1759043,-0.0149042999999999
"116",0.051,2813.304,-999999,17.7799999999999,40.64,40.64,40.64,60.96,9.91815998212748,321.157443087621,-111.53322,40.6235,0.24462530224525,-0.19362530224525,0.23262509047619,-0.18162509047619
"117",0.278,2678.2776,-999999,0,0,0,0,30.48,3.94831023987815,320.686538604103,-111.51998,39.23803,0.249115153339919,0.0288848466600811,0.25206683052503,0.0259331694749697
"118",0.215,2662.7328,-999999,0,0,0,0,12.7,8.72282933975439,285.861560435789,-110.43395,39.67712,0.13078161470737,0.0842183852926303,0.121195232267815,0.0938047677321849
"119",0.095,2481.072,-999999,2.54000000000004,2.54000000000004,2.54000000000004,2.54000000000004,27.94,3.68213395374877,23.4342455394446,-111.61633,40.42817,0.20646102292769,-0.11146102292769,0.209586523809524,-0.114586523809524
"120",0.314,2582.8752,-999999,30.4800000000001,50.8,50.8,50.8,58.4199999999999,5.94024060231754,128.516971252164,-111.62957,41.89833,0.184435572139303,0.129564427860697,0.1865942,0.1274058
"121",0.088,1929.9936,-999999,17.7799999999999,22.86,22.86,22.86,27.94,5.33563546081969,93.0772758141577,-111.56918,41.88573,0.152938485663082,-0.0649384856630824,0.177816666666667,-0.0898166666666665
"122",0.107,3045.5616,-999999,17.7800000000001,17.7800000000001,17.7800000000001,25.4,45.7200000000001,10.0924247860166,257.805653440028,-110.94873,40.678,0.227697783687943,-0.120697783687943,0.2160764,-0.1090764
"123",0.183,2901.0864,-999999,0,0,0,2.54000000000004,12.7,3.4105071646748,46.0833574535889,-109.6728,40.739,0.211214325842697,-0.0282143258426966,0.208730600399601,-0.0257306003996005
"124",0.149,2620.0608,-999999,0,0,0,2.53999999999995,15.2399999999999,7.41817443693939,75.0194832584792,-111.2491,39.4155,0.106606593513324,0.0423934064866757,0.140608589116731,0.00839141088326878
"125",0.107,2520.696,-999999,17.7800000000001,25.4,25.4,27.9400000000002,30.4800000000001,1.4269351372654,53.1083730892576,-111.50603,41.86425,0.20549180952381,-0.0984918095238095,0.198408366666666,-0.0914083666666661
"126",0.051,2255.8248,-999999,0,0,0,0,7.61999999999993,8.49187550653951,39.5085681484113,-112.41478,39.93667,0.1254421391741,-0.0744421391741001,0.134803376578353,-0.0838033765783535
"127",0.174,2805.0744,-999999,0,0,0,0,0,2.62420140732671,183.59200032384,-112.90155,37.575,0.183503056419153,-0.00950305641915322,0.182717684512541,-0.00871768451254062
"128",0.063,2633.7768,-999999,0,0,2.53999999999995,2.53999999999995,20.32,1.90304967637506,115.514166632186,-110.98845,39.9645,0.216624603174603,-0.153624603174603,0.2091074997114,-0.1461074997114
"129",0.121,2938.272,-999999,0,0,0,2.53999999999995,5.07999999999998,7.24560029846776,319.011595063429,-111.88163,37.83633,0.151750088378753,-0.0307500883787533,0.160285420704132,-0.0392854207041323
"130",0.296,2842.8696,-999999,0,0,0,0,20.3199999999999,6.66762990561588,23.6037335768503,-111.35685,39.13233,0.175242242256334,0.120757757743666,0.18159905,0.11440095
"131",0.233,2649.3216,-999999,0,0,0,0,0,3.63211096299916,345.37370028627,-112.77495,37.74797,0.196611817770336,0.0363881822296641,0.186611034399457,0.0463889656005433
"132",0.143,1964.436,2.2352,0,0,0,0,0,1.32439479017255,186.303141813951,-109.36429,37.67455,0.156926066766273,-0.0139260667662727,0.175001012167898,-0.0320010121678977
"133",0.196,1578.5592,1.1176,2.286,9.65199999999997,9.65199999999997,9.65199999999997,11.176,2.84425177318703,253.087867211679,-112.4336,41.93531,0.138796794871795,0.0572032051282051,0.134573004761905,0.0614269952380952
"134",0.076,2036.6736,1.922272,6.60399999999999,7.36599999999998,7.36599999999998,7.61999999999997,18.542,1.87065367932235,77.7441369999713,-111.18798,41.34363,0.131622355769231,-0.0556223557692308,0.1382274,-0.0622274
"135",0.279,1348.74,0.938784,11.6839999999999,16.002,16.002,16.002,18.5419999999999,0.685687033693964,69.6956667005619,-111.98043,41.81568,0.154296863799283,0.124703136200717,0.149143533333333,0.129856466666667
"136",0.063,1912.0104,1.385824,0,0,0,0,0,1.96794607459236,101.381049464381,-113.12341,37.35524,0.177394075406575,-0.114394075406575,0.182393556368883,-0.119393556368883
"137",0.125,2331.4152,2.279904,16.2560000000001,19.05,19.05,20.5740000000001,42.164,7.09543800654957,133.258722716448,-111.3036,41.33136,0.13043938547486,-0.00543938547486034,0.1497474,-0.0247474
"138",0.079,1865.376,3.039872,0,0,0,0,1.27000000000002,0.726175520945152,339.42963740865,-112.25122,38.15133,0.191964227466458,-0.112964227466458,0.194026243006993,-0.115026243006993
"139",0.102,2083.9176,2.101088,0,0,0,0,0,1.67366105040374,156.450306653394,-109.17193,37.77853,0.158356869289195,-0.056356869289195,0.174325668444954,-0.072325668444954
"140",0.223,1600.2,1.922272,0,0,0,0,1.27000000000002,0.570141036027076,34.3047495034098,-113.64324,37.63343,0.153977325539826,0.0690226744601745,0.135655447130169,0.0873445528698306
"141",0.202,1685.8488,0.67056,0,0,0.253999999999995,0.253999999999995,13.208,0.970774339179011,323.727977736126,-111.57803,39.36798,0.123736340206186,0.0782636597938144,0.126080906234506,0.0759190937654937
"142",0.076,1250.5944,1.385824,0,0,0,0,11.684,0.5945964847967,127.41959010491,-110.16264,39.01825,0.175158188336009,-0.0991581883360086,0.172202219413919,-0.0962022194139193
"143",0.103,1778.508,1.609344,1.27000000000002,1.27000000000002,1.27000000000002,1.27000000000002,2.032,2.40419793289836,169.834112102117,-113.82048,41.77846,0.152060621761658,-0.049060621761658,0.144152662876339,-0.0411526628763393
"144",0.094,1603.248,3.3528,0,0,0,0,0.254000000000017,0.960527735388909,67.8443805357513,-113.75102,38.59445,0.161059924463651,-0.0670599244636506,0.149489921768706,-0.0554899217687065
"145",0.13,2150.364,2.637536,0,0,0,0,0.253999999999995,2.9982010057861,245.710535023756,-109.23998,38.31347,0.124938155383601,0.00506184461639893,0.127756322900388,0.00224367709961162
"146",0.067,1446.276,1.56464,0,0,0,0.253999999999995,10.668,0.536559082696963,285.853511968521,-112.40155,39.19216,0.125886118410575,-0.058886118410575,0.122349019510228,-0.0553490195102283
"147",0.176,1644.396,1.296416,0,0,2.286,2.286,9.14399999999999,5.09067424161088,195.332768343968,-110.30464,40.17957,0.136828316610925,0.0391716833890746,0.148547782828283,0.027452217171717
"148",0.141,1885.188,0.715264,0,0,0,0,6.85800000000003,0.689820296371667,194.276829032929,-112.64291,38.36649,0.14372860801742,-0.00272860801741989,0.152322267928017,-0.011322267928017
"149",0.127,1620.012,1.1176,0,0,0,0,0.253999999999995,0.927399560636389,209.065110115593,-109.33776,37.44671,0.112665687431756,0.0143343125682439,0.1284695856486,-0.00146958564860045
"150",0.116,1525.524,1.877568,0,0,0,0,9.14399999999999,0.413576601639725,261.902297854386,-113.01053,38.34196,0.108798490092272,0.0072015099077281,0.118990500821336,-0.00299050082133615
"151",0.262,1558.4424,0.44704,7.36599999999998,14.2240000000001,14.2240000000001,14.478,24.6380000000001,0.349130024786206,334.577979362751,-111.68555,40.9999,0.181907130124777,0.0800928698752228,0.183471266666667,0.0785287333333335
"152",0.14,2111.3496,2.2352,0,0,0,0.253999999999995,6.60399999999999,1.24052551056894,117.053496228352,-110.40602,40.37263,0.129243720673762,0.0107562793262378,0.127116426065163,0.0128835739348372
"153",0.129,1598.676,0.938784,0,0,0,0,18.288,1.35035313731008,299.43859598652,-111.87044,39.64554,0.133535864665276,-0.00453586466527645,0.133626904949875,-0.00462690494987472
"154",0.126,1991.5632,1.475232,0,0,0,0.253999999999995,3.04799999999998,0.847523022959945,106.803073787133,-112.43437,37.86975,0.15447763622018,-0.0284776362201801,0.128961238873969,-0.00296123887396862
"155",0.019,1553.8704,2.101088,0,0,0,0,2.286,0.936873920628902,169.488674295744,-113.28596,41.77318,0.143007717943507,-0.124007717943507,0.147659823881674,-0.128659823881674
"156",0.168,1718.1576,5.900928,0,0,0,0,7.11200000000003,1.98951955243719,189.014319802871,-110.80604,39.53288,0.103008323962028,0.0649916760379722,0.0955383611111113,0.0724616388888887
"157",0.06,941.2224,3.933952,0,0,0,0,0.253999999999995,2.37146152928356,278.609066085876,-113.35615,37.10516,0.164376284240079,-0.104376284240079,0.1743807772048,-0.1143807772048
"158",0.083,1476.4512,1.251712,0,0,0,0.253999999999995,9.398,1.17384063214493,168.415352062176,-109.35326,40.39136,0.104695185740463,-0.0216951857404631,0.101779013196637,-0.0187790131966372
"159",0.02,1627.9368,5.543296,0,0,0,0,0.253999999999995,1.76924649244156,239.211474056468,-111.26189,37.51468,0.136440356209274,-0.116440356209274,0.138808498054537,-0.118808498054537
"160",0.181,1399.6416,1.78816,0,0,0,0,0.762000000000006,1.82737484501808,267.161349804735,-113.45866,39.23724,0.101751401387395,0.0792485986126054,0.0948206919978068,0.0861793080021932
"161",0.023,1948.2816,1.028192,0,0,0,0,0.25400000000004,2.75495756408965,306.457757455599,-112.19252,37.19061,0.158109102751995,-0.135109102751995,0.165364904879237,-0.142364904879237
"162",0.149,2131.4664,3.397504,0,0,0,0,0.253999999999995,0.709552975172266,285.950899227564,-109.12745,38.01394,0.162206920873613,-0.0132069208736126,0.158674218415296,-0.00967421841529639
"163",0.07,1354.2264,3.308096,0.254,3.302,6.35,6.35,6.35,0.26356814678384,163.186002368404,-112.912,41.9838,0.158867827529022,-0.0888678275290216,0.172937866666667,-0.102937866666667
"164",0.18,1773.936,2.771648,0,0,0,0,0,0.454623124849971,205.524420273608,-112.712,38.0399,0.161213190063592,0.0187868099364082,0.165089568472242,0.0149104315277584
"165",0.29,1552.956,2.816352,0,19.304,30.226,30.226,30.226,11.4745981876384,105.259944327019,-111.819,41.4967,0.187358333333333,0.102641666666667,0.1823089,0.1076911
"166",0.09,1979.9808,3.442208,0,9.906,17.018,17.018,17.018,6.63958182961892,102.534187923629,-111.42,41.9336,0.149940978835979,-0.0599409788359788,0.1528073,-0.0628072999999998
"167",0.2,1758.696,3.486912,0,0,0,0,0,0.762328231655888,298.165218443455,-112.881,37.8623,0.193270236506591,0.00672976349340862,0.190213790733058,0.00978620926694204
"168",0.14,1351.788,2.324608,0,10.16,14.732,14.732,14.732,0.11992255732508,280.281664107077,-111.879,41.763,0.183662096774194,-0.0436620967741936,0.18214645,-0.04214645
"169",0.09,1505.712,3.084576,0,6.604,8.636,8.636,8.636,1.39536402551849,329.712687856252,-112.048,41.8957,0.147715476190476,-0.0577154761904762,0.172321033333333,-0.0823210333333332
"170",0.44,1996.44,3.039872,0,0,0,0,0,0.767484894632226,291.418829455815,-112.422,37.8686,0.142210526951531,0.297789473048469,0.141137218936538,0.298862781063462
"171",0.05,1465.4784,3.084576,0,13.462,19.304,19.304,19.304,7.67236974902097,196.881640089081,-111.789,41.7447,0.197802792792793,-0.147802792792793,0.210238433333333,-0.160238433333333
"172",0.1,1598.3712,2.2352,0,0,0,0,0.254,0.462490271824078,147.433856610218,-112,38.8235,0.138860867677959,-0.0388608676779591,0.149037133014022,-0.0490371330140215
"173",0.14,1909.2672,2.45872,0,12.192,14.478,14.478,14.478,1.87723424062705,51.9146338777161,-111.088,41.8327,0.182833682373473,-0.042833682373473,0.164576047619048,-0.0245760476190475
"174",0.14,1291.7424,2.90576,0,4.318,4.826,4.826,4.826,0.312152931156652,41.2126654639026,-112.174,41.5192,0.225340357598978,-0.0853403575989783,0.218359566666667,-0.0783595666666667
"175",0.35,1665.4272,2.056384,0,0,0,0,0,1.00081292488623,105.707086568983,-109.562,40.4584,0.120374707862943,0.229625292137057,0.118800511453513,0.231199488546487
"176",0.07,1443.228,2.637536,0,0,0,0,0,0.540974267447321,265.158128100984,-112.42,38.9571,0.143944254933612,-0.0739442549336119,0.126683553654744,-0.0566835536547439
"177",0.17,1575.816,2.771648,0,5.08,9.652,9.652,9.652,3.64105271540136,136.950111615736,-112.491,41.9622,0.154640277777778,0.0153597222222222,0.1513789,0.0186210999999999
"178",0.15,1481.0232,2.68224,0,17.78,25.146,25.146,25.146,3.99664052145497,52.6802906782525,-111.855,41.5724,0.249497905759162,-0.0994979057591624,0.1898874,-0.0398874
"179",0.23,1307.592,2.324608,0,2.032,2.032,2.032,2.032,0.451437728099986,223.896202671917,-111.92,40.6313,0.167962515262515,0.0620374847374847,0.143600672043011,0.0863993279569894
"180",0.18,1885.4928,1.1176,0,0,0,1.016,1.016,0.764299827125085,128.952357009497,-110.209,40.3726,0.127292675590279,0.0527073244097207,0.130709556989187,0.0492904430108132
"181",0.09,1466.6976,4.068064,0,1.778,4.064,4.064,4.064,2.24693772571503,265.856135438987,-112.725,41.8663,0.141054848484849,-0.0510548484848485,0.155428033333333,-0.0654280333333332
"182",0.11,1382.268,1.56464,0,8.89,12.446,12.446,12.446,1.02065556525416,296.770284543976,-111.833,41.6945,0.176108888888889,-0.0661088888888889,0.176330366666667,-0.0663303666666667
"183",0.23,1695.9072,1.78816,0,10.414,14.986,14.986,14.986,4.4868684628182,286.986188489337,-111.567,41.6012,0.174222344322344,0.0557776556776557,0.176158966666667,0.0538410333333333
"184",0.31,1320.0888,2.548128,0,3.556,4.064,4.064,4.064,1.02006599831479,129.953986405767,-112.154,41.7229,0.184511139028476,0.125488860971524,0.175706433333333,0.134293566666667
"185",0.19,1580.9976,4.872736,0,0,0,0,0,0.352455251568427,21.0943953348404,-113.702,37.7196,0.159641545898485,0.0303584541015154,0.154311652378907,0.0356883476210927
"186",0.11,1375.8672,2.68224,0,9.652,15.24,15.24,15.24,0.0395541644715118,261.683442553538,-111.869,41.9521,0.168981615120275,-0.0589816151202749,0.169363866666667,-0.0593638666666666
"187",0.19,1370.9904,2.2352,0,10.668,18.288,18.288,18.288,0.242774121956167,339.272612055974,-111.891,41.6662,0.168681175059952,0.0213188249400479,0.169508933333333,0.0204910666666666
"188",0.13,2168.9568,3.442208,0,0,0,0,0,0.708559348452509,62.3860422604668,-111.636,38.3834,0.189540493823658,-0.0595404938236575,0.196130060614345,-0.0661300606143452
"189",0.11,1524.6096,3.442208,0,0,0,0,0,0.290007180582231,257.953212815079,-111.877,39.6894,0.127964742413632,-0.0179647424136321,0.128454399165635,-0.0184543991656349
"190",0.38,1334.1096,1.832864,0,3.81,4.572,4.572,4.572,1.47898031141463,273.605151498875,-112.05,41.1668,0.178081801801802,0.201918198198198,0.172680336363636,0.207319663636364
"191",0.08,1438.9608,1.78816,0,0,0,0,0,0.749228125356385,322.838165756449,-111.629,40.0672,0.1598759903262,-0.0798759903262004,0.169766238528981,-0.0897662385289809
"192",0.16,1685.2392,4.872736,0,0,0,0,0,0.262176758826636,214.088927824873,-113.137,37.673,0.165448444662729,-0.00544844466272856,0.155012061440129,0.00498793855987101
"193",0.22,1412.748,1.654048,0,11.176,14.732,14.732,14.732,1.69963671230798,240.72508453423,-111.811,41.7665,0.164254812834225,0.0557451871657754,0.162408433333333,0.0575915666666666
"194",0.41,1558.1376,2.816352,0,14.224,22.352,22.352,22.352,2.83186001508596,209.818351502215,-111.806,41.5355,0.170438194444444,0.239561805555556,0.161269966666667,0.248730033333333
"195",0.15,1816.3032,3.308096,0,4.064,9.652,9.652,9.652,0.0138388323339286,229.307061378556,-111.334,41.8379,0.146858505154639,0.0031414948453608,0.1301969,0.0198030999999998
