serial_number,station_name,station_id,network,elev,lat,long,start_date,wind_speed,air_temp,p1day,p2day,p3day,p4day,p5day,sm_2,sm_4,sm_8,sm_20,sm_40,st_2,st_4,st_8,st_20,st_40,slope,aspect,avg_month_rain,avg_month_temp,prediction,resid,soil_class
1,Agua Canyon,907,SNTL,2712.7200000000003,37.52217,-112.27118,2017-09-12T00:00:00Z,NA,7.662393162393162,1.5630769230769241,3.1261538461538483,5.080000000000003,7.033846153846157,8.98769230769231,0.16192307692307692,NA,0.20292307692307693,0.09823076923076922,NA,10.76923076923077,NA,13.59076923076923,13.546153846153848,NA,6.163730583784638,206.96953749429673,46.57999914309491,12.017545245566572,0.13207287449392713,0.0708502024291498,6
133,Alkali Mesa,2138,SCAN,1964.4360000000001,37.67455,-109.36429,2017-09-12T00:00:00Z,2.2283224615384616,13.594017094017094,0.5666153846153829,1.133230769230766,1.6412307692307653,2.1492307692307646,2.6572307692307646,0.046,0.048384615384615394,0.14430769230769233,0.17076923076923076,0.16746153846153847,18.50384615384615,18.67461538461538,21.366923076923076,21.83692307692308,21.710769230769237,1.2566398817736277,175.93225400054155,41.81360012329351,17.23283014943091,0.15260180995475114,-0.008294117647058813,7
201,Bear Lake,1233757,AGWX,1979.9808,41.9336,-111.42,2017-09-12T00:00:00Z,2.6925563076923074,9.679487179487179,2.8135384615384615,5.9201538461538465,7.7567692307692315,9.593384615384615,10.68753846153846,NA,NA,0.09538461538461537,NA,NA,NA,15.35923076923077,15.795384615384613,NA,NA,6.54946022353467,98.18802619929637,38.39115141672541,11.792831621002614,0.13207287449392713,-0.036688259109311755,6
2,Bear River RS,992,SNTL,2675.2296,40.8852,-110.8277,2017-09-12T00:00:00Z,NA,3.9273504273504276,6.252307692307697,11.918461538461539,17.193846153846156,19.929230769230774,23.641538461538463,0.12546153846153846,NA,0.06815384615384616,0.03046153846153847,NA,7.693076923076924,NA,7.863846153846154,8.804615384615385,NA,4.013456646913507,280.1026072072026,45.15260838357209,9.531519656041235,0.23034412955465589,-0.1621902834008097,13
3,Beaver Dams,329,SNTL,2435.3520000000003,39.13683,-111.55813,2017-09-12T00:00:00Z,NA,5.82905982905983,3.9076923076923076,7.6200000000000045,10.746153846153852,14.263076923076929,18.17076923076924,0.3369230769230768,NA,0.3223076923076923,0.30638461538461537,NA,10.599230769230768,NA,12.393076923076922,12.905384615384616,NA,5.496113554988487,295.24517956296097,48.47415044738124,12.275253123673815,0.18720879120879122,0.13509890109890108,9
4,Beaver Divide,330,SNTL,2523.744,40.61233,-111.09782,2017-09-12T00:00:00Z,NA,5.217948717948719,6.838461538461538,11.723076923076936,16.412307692307703,19.34307692307692,22.859999999999996,0.11669230769230772,NA,0.10992307692307694,0.06823076923076923,NA,8.589230769230769,NA,11.242307692307692,11.753846153846156,NA,3.463691488280373,248.06247374783166,49.973918550188046,11.304515407135824,0.22335470085470085,-0.11343162393162391,12
5,Ben Lomond Peak,332,SNTL,2343.6072,41.37603,-111.94405,2017-09-12T00:00:00Z,NA,6.786324786324787,2.34461538461539,4.68923076923078,6.838461538461565,8.596923076923115,10.550769230769296,0.11915384615384617,NA,0.13046153846153846,0.05292307692307693,NA,8.033076923076923,NA,9.572307692307692,9.827692307692308,NA,16.070217985109508,25.207763481335334,87.90422936632328,13.077484066849998,0.13207287449392713,-0.001611336032388666,6
6,Ben Lomond Trail,333,SNTL,1820.2656000000002,41.38291,-111.92103,2017-09-12T00:00:00Z,NA,6.918803418803417,4.884615384615385,9.76923076923077,13.872307692307695,17.19384615384616,21.101538461538482,0.0966923076923077,NA,0.13376923076923075,0.1322307692307692,NA,10.897692307692306,NA,11.41,11.581538461538461,NA,10.884433612725575,78.0205258418861,64.9006927398391,13.716939909368536,0.18720879120879122,-0.05343956043956047,9
7,Bevans Cabin,1214,SNTL,1987.296,40.46182,-112.25233,2017-09-12T00:00:00Z,NA,7.666666666666667,7.619999999999998,10.941538461538462,14.653846153846152,17.779999999999987,20.124615384615375,0.06561538461538462,0.016769230769230776,0,0,0.0028461538461538463,9.742307692307692,11.36923076923077,11.625384615384613,12.69307692307692,13.333076923076922,11.797719032741655,269.2756876830579,46.77339980854256,15.53438985647348,0.08725641025641025,-0.08725641025641025,2
8,Big Flat,339,SNTL,3154.3752,38.30183,-112.35672,2017-09-12T00:00:00Z,NA,2.243589743589744,5.080000000000003,9.573846153846151,14.067692307692312,18.756923076923076,23.250769230769226,0.2881538461538462,NA,0.21492307692307688,0.31753846153846155,NA,5.856153846153846,NA,6.667692307692308,7.180769230769231,NA,5.6547746125349825,297.4459012835346,48.34726825933496,8.709404360509389,0.1709595141700405,0.043963562753036395,8
9,Black Flat-U.M. Ck,348,SNTL,2869.3872,38.6799,-111.59765,2017-09-12T00:00:00Z,NA,3.388888888888889,3.7123076923076894,6.447692307692303,9.57384615384615,12.7,15.826153846153845,0.21630769230769237,NA,0.23038461538461538,0.08699999999999998,NA,9.23,NA,9.786153846153846,11.02692307692308,NA,3.0043779499497854,176.02798774725343,41.764899475207436,9.284005603752094,0.1709595141700405,0.059425101214574894,8
10,Blacks Fork Jct,1162,SNTL,2703.2712,40.95814,-110.5828,2017-09-12T00:00:00Z,NA,3.188034188034188,NA,10.355384615384615,14.067692307692305,15.826153846153847,18.56153846153846,0.10984615384615386,NA,0.052538461538461534,0.06323076923076926,NA,6.837692307692308,NA,9.614615384615384,9.70076923076923,NA,7.064438404528815,69.84002157915901,40.47661305217907,8.778112859039457,0.23034412955465589,-0.17780566801619435,13
134,Blue Creek,2135,SCAN,1578.5592000000001,41.93531,-112.4336,2017-09-12T00:00:00Z,2.101088,9.649572649572649,4.259384615384615,7.248769230769225,12.035692307692294,16.119230769230754,17.99492307692306,0.22176923076923077,0.2312307692307692,0.20961538461538462,0.20853846153846156,0.18476923076923074,14.571538461538463,15.297692307692309,17.693076923076923,18.76076923076923,18.673076923076923,2.6592896423536536,256.75641027241636,25.856671278879254,14.874237164475065,0.22335470085470085,-0.013739316239316235,12
213,Blue Creek,1138083,AGWX,1575.816,41.9622,-112.491,2017-09-12T00:00:00Z,2.0563840000000004,11.303418803418804,4.45476923076923,8.596923076923078,11.097846153846152,15.474461538461538,19.147692307692306,NA,NA,0.19769230769230767,NA,NA,NA,16.236923076923077,16.236923076923077,NA,NA,3.4563538300802086,135.82150623216464,25.036509165455794,14.513606486478789,0.12934358974358975,0.06834871794871791,5
216,Bluebell,1265823,AGWX,1885.4928,40.3726,-110.209,2017-09-12T00:00:00Z,2.052945230769231,11.358974358974361,1.5826153846153845,3.829538461538461,5.255846153846154,5.978769230769231,6.662615384615385,NA,NA,0.18384615384615385,NA,NA,NA,14.710769230769229,15.149999999999999,NA,NA,0.92895446101943,150.50173568754008,32.35311030030803,14.68053774030968,0.20875897435897436,-0.02491282051282051,11
11,Bobs Hollow,1278,SNTL,2840.4312,38.94569,-112.15349,2017-09-12T00:00:00Z,NA,6.2094017094017095,7.424615384615379,11.918461538461525,16.607692307692293,21.6876923076923,26.57230769230769,0.26723076923076927,NA,0.1936153846153846,0.06284615384615384,NA,6.154615384615385,NA,7.94923076923077,9.18923076923077,NA,2.243823994816818,297.4983904499717,42.968299221276695,11.299497881435373,0.22335470085470085,-0.02973931623931625,12
12,Box Creek,364,SNTL,3003.1944000000003,38.50809,-112.01856,2017-09-12T00:00:00Z,NA,5.696581196581197,3.1261538461538483,6.05692307692308,9.183076923076928,12.309230769230778,15.240000000000009,0.13315384615384615,NA,0.18961538461538463,0.15753846153846152,NA,5.983076923076923,NA,9.316153846153846,10.726923076923079,NA,4.026239535994955,56.37965661623022,46.706552692717935,10.465765820004826,0.15260180995475114,0.037013574660633486,7
13,Box Springs,1156,SNTL,2812.6944000000003,38.49746,-112.00779,2017-09-12T00:00:00Z,NA,5.363247863247862,3.3215384615384598,6.838461538461539,10.159999999999998,13.481538461538456,16.803076923076915,0.1399230769230769,NA,0.07007692307692309,0.08738461538461538,NA,8.118461538461538,NA,9.40076923076923,10.256153846153845,NA,4.629478162820423,159.1384924860807,44.235837773532154,11.641672953076972,0.0898582995951417,-0.01978137651821861,3
14,Brian Head,1154,SNTL,3059.8872,37.67994,-112.85674,2017-09-12T00:00:00Z,NA,4.029914529914531,2.7353846153846124,5.470769230769225,8.987692307692294,12.309230769230759,15.435384615384594,0.10684615384615387,NA,0.09938461538461539,0.17392307692307693,NA,6.495384615384615,NA,9.828461538461537,9.87076923076923,NA,5.929932964975459,302.27824334285816,54.92000174869342,9.357119202752447,0.1709595141700405,-0.0715748987854251,8
15,Brighton,366,SNTL,2671.8768,40.59936,-111.58167,2017-09-12T00:00:00Z,NA,5.6111111111111125,6.252307692307697,10.355384615384624,14.458461538461535,18.95230769230768,22.27384615384615,0.1243846153846154,NA,0.04238461538461539,0.04053846153846153,NA,7.179230769230769,NA,8.417692307692308,9.103076923076923,NA,8.417012110919082,297.89361815886423,59.24074558468206,10.442899553772195,0.08725641025641025,-0.04487179487179486,2
16,Brown Duck,368,SNTL,3222.9552000000003,40.58102,-110.58587,2017-09-12T00:00:00Z,NA,2.5726495726495724,5.275384615384606,8.59692307692306,11.72307692307691,14.0676923076923,16.60769230769229,0.17276923076923073,NA,0.11684615384615385,0.1863846153846154,NA,4.572307692307692,NA,7.266153846153847,7.435384615384615,NA,7.857965345841608,343.28542564793304,76.89842710939469,7.226294621853011,0.1709595141700405,-0.05411336032388664,8
17,Buck Flat,371,SNTL,2867.8632000000002,39.134,-111.43722,2017-09-12T00:00:00Z,NA,4.196581196581196,5.470769230769225,10.941538461538464,16.216923076923084,21.687692307692313,27.158461538461534,0.3342307692307692,NA,0.3243076923076923,0.39623076923076916,NA,6.923076923076923,NA,9.357692307692307,9.827692307692306,NA,5.133105168928999,75.66379731428918,65.40782222483777,9.791229650980492,0.23034412955465589,0.09396356275303641,13
18,Buck Pasture,1192,SNTL,2935.8336,40.84456,-110.66068,2017-09-12T00:00:00Z,NA,3.3418803418803416,6.05692307692308,11.136923076923066,15.826153846153836,18.561538461538447,22.078461538461518,0.41969230769230764,NA,0.41615384615384615,0.41653846153846164,NA,7.906923076923078,NA,8.034615384615385,8.204615384615384,NA,2.6052277449504238,58.589516706609245,61.039800863535575,7.582378902666456,0.23034412955465589,0.18580971659919027,13
19,Buckboard Flat,1153,SNTL,2720.0352000000003,37.86943,-109.44717,2017-09-12T00:00:00Z,NA,7.3931623931623935,2.5400000000000014,6.447692307692308,10.355384615384619,14.263076923076925,18.17076923076923,0.2593846153846153,NA,0.26153846153846155,0.1776153846153846,NA,8.758461538461537,NA,9.87153846153846,10.556153846153848,NA,13.178373626003252,203.7639668590138,61.38833040631353,11.441631880491375,0.18720879120879122,0.07432967032967033,9
198,Buckhorn,1138098,AGWX,1773.9360000000001,38.0399,-112.712,2017-09-12T00:00:00Z,2.7166276923076924,12.401709401709402,1.8366153846153848,3.6732307692307695,5.470769230769231,7.424615384615387,9.280769230769234,NA,NA,0.18,NA,NA,NA,16.83230769230769,16.44769230769231,NA,NA,0.4555474357300041,205.91428896558182,22.54216009374178,16.557811277087097,0.12934358974358975,0.05065641025641024,5
135,Buffalo Jump,2151,SCAN,2036.6736,41.34363,-111.18798,2017-09-12T00:00:00Z,2.3005366153846154,8.764957264957264,3.6341538461538483,6.506307692307696,8.831384615384618,10.316307692307694,12.074769230769233,0.11092307692307692,0.08653846153846152,0.07815384615384614,0.08030769230769229,NA,13.033846153846154,14.016153846153845,14.35846153846154,15.512307692307694,NA,1.8787937173879832,75.16984558260947,32.33339352838334,12.36975542971543,0.15260180995475114,-0.074447963800905,7
20,Bug Lake,374,SNTL,2434.4376,41.68541,-111.41987,2017-09-12T00:00:00Z,NA,3.884615384615386,6.838461538461538,11.918461538461525,16.02153846153845,18.756923076923066,21.492307692307676,0.14392307692307693,NA,0.1322307692307692,0.2002307692307692,NA,8.075384615384614,NA,9.998461538461537,11.024615384615386,NA,5.496915509115267,14.477463456939907,44.989788046342746,11.361559500654446,0.08725641025641025,0.04497435897435896,2
21,Burts Miller Ranch,1135,SNTL,2438.4,40.98492,-110.85075,2017-09-12T00:00:00Z,NA,5.568376068376067,4.298461538461533,8.206153846153843,11.72307692307692,13.481538461538456,16.02153846153846,0.2918461538461538,NA,0.3079230769230769,0.406,NA,9.572307692307692,NA,10.555384615384614,10.685384615384617,NA,2.4014691083794872,149.23325925340265,36.208205263824844,10.926585076169482,0.22335470085470085,0.08456837606837606,12
136,Cache Junction,2136,SCAN,1348.74,41.81568,-111.98043,2017-09-12T00:00:00Z,1.9153944615384617,8.641025641025639,2.4813846153846146,4.493846153846149,6.779846153846152,7.932615384615389,9.319846153846154,0.17523076923076925,0.17700000000000002,0.28423076923076923,0.37415384615384617,0.3900769230769231,16.666923076923077,18.204615384615384,18.589230769230767,18.589999999999996,18.546923076923072,0.6147848671340989,74.7926588278306,32.35218761659499,16.23303161261152,0.20875897435897436,0.07547179487179487,11
22,Camp Jackson,383,SNTL,2699.9184,37.81333,-109.48723,2017-09-12T00:00:00Z,NA,7.628205128205128,1.3676923076923062,2.930769230769224,4.493846153846142,6.056923076923059,7.619999999999976,0.09215384615384616,NA,0.086,0.1233846153846154,NA,9.187692307692307,NA,10.683846153846154,10.556153846153848,NA,7.584451295150448,300.17654472840024,62.11869023047383,11.511136106259018,0.13207287449392713,-0.046072874493927135,6
23,Cascade Mountain,1039,SNTL,2369.5152000000003,40.283,-111.60992,2017-09-12T00:00:00Z,NA,8.786324786324787,6.252307692307697,10.746153846153845,14.653846153846153,18.17076923076925,21.10153846153848,0.043230769230769225,NA,0.09753846153846156,0.05692307692307693,NA,9.956923076923077,NA,9.743846153846153,9.357692307692307,NA,8.766610082721135,74.94441421882627,63.18193023041408,13.617519518763068,0.08725641025641025,0.010282051282051313,2
24,Castle Valley,390,SNTL,2928.2136,37.66098,-112.74093,2017-09-12T00:00:00Z,NA,3.978632478632479,3.321538461538453,6.643076923076905,10.159999999999979,13.67692307692305,17.19384615384612,0.13784615384615387,NA,0.22061538461538469,0.3068461538461538,NA,9.186923076923076,NA,9.699230769230768,9.913076923076924,NA,3.605929318074925,120.43470454512573,47.15580290748951,9.371356455733164,0.1709595141700405,0.0496558704453442,8
137,Cave Valley,2161,SCAN,1912.0104000000001,37.35524,-113.12341,2017-09-12T00:00:00Z,1.7640886153846156,9.517094017094015,1.5435384615384666,3.0870769230769333,5.138615384615396,7.229230769230782,9.319846153846166,0.013923076923076927,0.05661538461538462,0.05261538461538462,0.011846153846153847,0.006461538461538463,15.511538461538464,16.922307692307694,18.80307692307692,19.359999999999996,19.402307692307687,2.2430239152277442,112.83853140339414,25.855996672093376,16.211575520505914,0.0784945054945055,-0.02587912087912088,1
228,Cedar City,1138078,AGWX,1685.2392,37.673,-113.137,2017-09-12T00:00:00Z,3.1602289230769234,13.294871794871794,2.032,4.181230769230768,5.841999999999999,8.069384615384614,10.140461538461539,NA,NA,0.15923076923076923,NA,NA,NA,14.333846153846155,15.128461538461538,NA,NA,0.2958783699223509,213.3451809464213,18.59083217224683,17.477599487304694,0.12934358974358975,0.029887179487179477,5
25,Chalk Creek #1,392,SNTL,2795.3208,40.85464,-111.04765,2017-09-12T00:00:00Z,NA,4.645299145299147,9.183076923076914,17.19384615384613,25.595384615384603,30.870769230769227,36.732307692307685,0.31346153846153846,NA,0.33723076923076917,0.30015384615384616,NA,6.366923076923077,NA,8.29076923076923,8.632307692307693,NA,5.483137550911028,43.98070804209584,67.70201577152723,9.501867499202142,0.23034412955465589,0.10688663967611328,13
26,Chalk Creek #2,393,SNTL,2501.7984,40.88529,-111.06954,2017-09-12T00:00:00Z,NA,5.982905982905982,8.792307692307691,16.412307692307703,24.22769230769232,28.916923076923087,34.77846153846154,0.14192307692307693,NA,0.16484615384615384,0.029153846153846155,NA,6.751538461538461,NA,8.461538461538462,8.846153846153847,NA,8.549581508839449,297.8260998663061,56.285230871619916,11.144438145687154,0.18982417582417582,-0.024978021978021986,10
27,Chepeta,396,SNTL,3200.0952,40.77458,-110.0105,2017-09-12T00:00:00Z,NA,2.256410256410256,3.516923076923078,6.05692307692308,8.206153846153843,9.964615384615387,11.72307692307693,0.09269230769230768,NA,0.05823076923076923,0.12338461538461537,NA,5.426923076923076,NA,7.093846153846154,7.776153846153846,NA,4.365328475831266,77.91467239904473,79.24344860633374,6.670498944787756,0.1709595141700405,-0.11272874493927126,8
138,Chicken Ridge,2150,SCAN,2331.4152,41.33136,-111.3036,2017-09-12T00:00:00Z,2.654729846153846,6.457264957264958,4.806461538461529,9.0463076923076855,13.188461538461533,15.552615384615372,18.815538461538452,0.10338461538461538,0.1336923076923077,0.108,0.11115384615384617,0.09607692307692307,10.685384615384615,11.53846153846154,11.923846153846153,12.948461538461537,13.16153846153846,7.077049377795982,133.41932956397676,44.69646734084989,12.07364061011988,0.18720879120879122,-0.07920879120879122,9
139,Circleville,2125,SCAN,1865.3760000000002,38.15133,-112.25122,2017-09-12T00:00:00Z,2.018557538461538,8.905982905982906,1.250461538461543,2.481384615384621,3.7513846153846226,4.96276923076924,6.154615384615396,0.12515384615384614,0.1342307692307692,0.0786153846153846,0.1176923076923077,0.1543846153846154,13.802307692307695,16.88230769230769,17.736153846153847,18.117692307692305,17.564615384615387,0.7283882424190155,340.8054848283958,24.207863085015237,15.547411037634255,0.0784945054945055,1.2087912087910269e-4,1
204,Clarkston,1259035,AGWX,1505.712,41.8957,-112.048,2017-09-12T00:00:00Z,2.283342769230769,10.957264957264956,1.6607692307692308,3.1456923076923076,4.220307692307691,5.6466153846153855,6.389076923076923,NA,NA,0.09,NA,NA,NA,16.807692307692307,17.529230769230768,NA,NA,1.4979167292670255,270.7735131633734,35.40887057635197,15.456602989637469,0.0910879120879121,-0.0010879120879121046,4
28,Clayton Springs,983,SNTL,3062.9352000000003,37.9725,-111.83355,2017-09-12T00:00:00Z,NA,2.6581196581196584,1.5630769230769241,3.1261538461538483,5.470769230769231,8.010769230769233,10.55076923076924,0.18207692307692308,NA,0.17469230769230767,0.1073846153846154,NA,5.983846153846154,NA,8.632307692307693,9.783846153846152,NA,2.0352504280002455,73.19298310480502,50.57160561395029,8.815960189956899,0.1709595141700405,0.003732793522267186,8
29,Clear Creek #1,399,SNTL,2735.58,39.86671,-111.28363,2017-09-12T00:00:00Z,NA,5.585470085470084,4.10307692307694,7.815384615384644,11.136923076923097,14.067692307692328,16.99846153846156,0.15507692307692308,NA,0.05923076923076923,0.08423076923076923,NA,8.461538461538462,NA,9.913846153846153,10.555384615384614,NA,6.415255046999276,323.6301792903243,55.924688418045605,10.859820794527721,0.0898582995951417,-0.03062753036437247,3
30,Clear Creek #2,400,SNTL,2388.7176,39.89275,-111.25154,2017-09-12T00:00:00Z,NA,4.679487179487181,2.7353846153846124,5.0799999999999965,7.229230769230762,8.987692307692297,10.941538461538451,0.09138461538461538,NA,0.11223076923076923,0.039615384615384615,NA,9.315384615384616,NA,10.683846153846154,10.726153846153847,NA,10.170281286291491,162.96553451817334,47.39790060431286,11.632019509075828,0.13207287449392713,-0.019842105263157897,6
210,Corinne,1138092,AGWX,1291.7424,41.5192,-112.174,2017-09-12T00:00:00Z,2.3624344615384616,12.777777777777779,1.3286153846153848,2.520461538461539,3.477846153846154,4.669692307692308,5.353538461538462,NA,NA,0.14000000000000007,NA,NA,NA,18.017692307692307,17.761538461538464,NA,NA,0.2641580875199091,37.21450927805361,33.85926062976035,17.526960617065434,0.20875897435897436,-0.0687589743589743,11
31,Corral,1236,SNTL,2501.4936000000002,39.65795,-110.37906,2017-09-12T00:00:00Z,NA,5.978632478632479,3.9076923076923076,6.838461538461539,9.573846153846151,12.504615384615382,15.435384615384615,0.2403076923076923,NA,0.14884615384615382,0.1483076923076923,NA,8.88923076923077,NA,10.384615384615383,11.069230769230769,NA,8.224844691445533,242.30336767913747,66.46571963998329,12.014391405437802,0.0898582995951417,0.05898785425101212,3
32,Currant Creek,432,SNTL,2412.492,40.35747,-111.08993,2017-09-12T00:00:00Z,NA,4.021367521367521,3.1261538461538483,5.666153846153858,8.401538461538472,10.160000000000007,12.113846153846161,0.12338461538461537,NA,0.03669230769230769,0.0976153846153846,NA,9.445384615384615,NA,11.324615384615383,11.795384615384613,NA,9.234582503639777,114.96558283345826,50.61060086010318,10.26325960514719,0.0898582995951417,-0.05316599190283401,3
33,Daniels-Strawberry,435,SNTL,2440.8384,40.2953,-111.25677,2017-09-12T00:00:00Z,1.1004061538461538,5.589743589743589,3.907692307692307,7.229230769230761,10.550769230769216,13.090769230769222,15.630769230769216,0.10923076923076924,NA,0.05861538461538462,0.042230769230769225,NA,9.615384615384615,NA,11.326923076923077,11.795384615384616,NA,5.86473594500079,95.23905884208504,50.41012341172417,11.548093210410043,0.0898582995951417,-0.031242914979757085,3
34,Dills Camp,444,SNTL,2812.6944000000003,39.04554,-111.46875,2017-09-12T00:00:00Z,NA,5.367521367521367,3.907692307692307,7.815384615384615,11.91846153846154,16.21692307692307,20.515384615384598,0.11938461538461541,NA,0.24784615384615388,0.17492307692307693,NA,7.393076923076923,NA,8.247692307692308,8.375384615384615,NA,5.934863998864132,100.81747134514995,51.99285570213645,10.40933000213729,0.18720879120879122,0.06063736263736266,9
35,Donkey Reservoir,452,SNTL,2986.7352,38.2084,-111.47412,2017-09-12T00:00:00Z,NA,3.9358974358974357,3.712307692307696,7.229230769230774,10.746153846153845,14.263076923076918,17.975384615384606,0.31546153846153846,NA,0.11500000000000002,0.0906923076923077,NA,5.512307692307693,NA,8.160769230769231,8.12076923076923,NA,2.54253189362609,109.74159904234014,45.661190330378695,9.614729084796098,0.1709595141700405,-0.05595951417004047,8
203,Drainage Farm,1138089,AGWX,1351.788,41.763,-111.879,2017-09-12T00:00:00Z,2.0219963076923078,11.576923076923077,2.149230769230769,4.3570769230769235,5.978769230769231,7.89353846153846,9.026769230769231,NA,NA,0.14000000000000007,NA,NA,NA,15.533076923076926,16.186923076923076,NA,NA,0.12364964657153088,274.38316668324364,35.439089217547306,16.162511905612565,0.20875897435897436,-0.0687589743589743,11
36,Dry Bread Pond,455,SNTL,2530.4496,41.41289,-111.5377,2017-09-12T00:00:00Z,NA,4.901709401709402,6.6430769230769195,12.309230769230764,17.78,20.71076923076923,24.61846153846154,0.14400000000000002,NA,0.044538461538461534,6.153846153846154e-4,NA,6.752307692307692,NA,9.315384615384614,9.145384615384616,NA,5.3441650633277336,226.75145424909041,52.14248626671883,11.143861902375308,0.08725641025641025,-0.04271794871794871,2
37,Dry Fork,906,SNTL,2161.9464000000003,40.56533,-112.17343,2017-09-12T00:00:00Z,NA,6.743589743589743,6.2523076923076975,10.355384615384624,14.653846153846153,17.97538461538462,21.10153846153847,0.14146153846153847,NA,0.05984615384615385,0,NA,9.915384615384616,NA,10.386153846153848,10.726923076923079,NA,12.80507815142401,122.14913741843381,51.55207499964999,13.195636557917108,0.08725641025641025,-0.0274102564102564,2
226,Eagle Lake,1231954,AGWX,1334.1096,41.1668,-112.05,2017-09-12T00:00:00Z,1.5646400000000003,13.893162393162392,4.357076923076923,8.90953846153846,13.344769230769229,18.678769230769227,23.54384615384615,NA,NA,0.42153846153846153,NA,NA,NA,18.295384615384616,0.32153846153846166,NA,NA,1.4847754631970187,273.3504505855169,35.637599403358955,18.039840917271263,0.22335470085470085,0.19818376068376067,12
38,East Willow Creek,461,SNTL,2530.4496,39.31213,-109.53179,2017-09-12T00:00:00Z,NA,7.128205128205129,1.3676923076923062,2.5400000000000014,3.712307692307696,4.6892307692307735,5.6661538461538505,0.10576923076923077,NA,0.07853846153846153,0.07553846153846154,NA,10.17,NA,12.223076923076924,12.777692307692309,NA,11.373437140049909,145.43489987526107,58.09006752791097,11.48797146164847,0.13207287449392713,-0.0535344129554656,6
230,EastFork,1231955,AGWX,1558.1376,41.5355,-111.806,2017-09-12T00:00:00Z,2.2145673846153846,11.927350427350426,3.6146153846153846,7.248769230769229,10.277230769230771,13.520615384615386,15.572153846153846,NA,NA,0.32846153846153847,NA,NA,NA,15.048461538461538,16.330769230769228,NA,NA,2.7604131778180196,209.44415148936343,40.06059124638423,14.855199846291411,0.22335470085470085,0.10510683760683762,12
141,Eastland,2130,SCAN,2083.9176,37.77853,-109.17193,2017-09-12T00:00:00Z,3.469718153846154,11.188034188034187,0.5861538461538476,1.211384615384617,1.7193846153846168,2.227384615384616,2.735384615384616,0.058846153846153854,0.08838461538461537,0.10476923076923078,0.2233846153846154,0.20523076923076924,17.692307692307693,18.93153846153846,19.486923076923077,19.187692307692302,18.972307692307684,1.9406561812722458,157.37312196071423,45.50992372884713,15.958735573907731,0.15260180995475114,-0.04783257918552036,7
39,EF Blacks Fork GS,1163,SNTL,2852.9280000000003,40.88472,-110.54056,2017-09-12T00:00:00Z,NA,3.722222222222223,5.470769230769239,9.573846153846164,13.090769230769242,15.435384615384633,17.975384615384634,0.3801538461538462,NA,0.3704615384615385,0.39700000000000013,NA,8.334615384615386,NA,9.443076923076923,9.616153846153846,NA,2.5501868524717457,90.63071742125973,52.8980778542543,7.824094903638749,0.23034412955465589,0.14011740890688262,13
142,Enterprise,2128,SCAN,1600.2,37.63343,-113.64324,2017-09-12T00:00:00Z,2.1595470769230767,10.683760683760683,3.0089230769230784,5.099538461538463,7.09246153846154,9.222153846153848,11.31276923076923,0.08346153846153846,0.25146153846153846,0.219,0.14338461538461542,0.15515384615384614,15.170769230769233,19.957692307692305,20.59769230769231,20.89923076923077,20.985384615384614,0.5480854781378766,32.57521472271371,24.059336642469304,17.308349927859997,0.12934358974358975,0.08965641025641025,5
143,Ephraim,2126,SCAN,1685.8488,39.36798,-111.57803,2017-09-12T00:00:00Z,1.059140923076923,7.8888888888888875,3.43876923076923,6.838461538461538,9.573846153846151,11.918461538461539,14.458461538461536,0.11246153846153846,0.23884615384615387,0.20146153846153844,0.24753846153846154,0.25015384615384617,11.795384615384616,15.256153846153847,16.49692307692308,17.606153846153852,17.64846153846154,0.9491921834047512,325.0940215107832,29.990096351332376,16.35878828348854,0.20875897435897436,-0.007297435897435922,11
218,Evans Farm,1138090,AGWX,1382.268,41.6945,-111.833,2017-09-12T00:00:00Z,1.3342424615384614,11.70940170940171,2.286,4.611076923076923,6.447692307692307,8.460153846153846,9.749692307692307,NA,NA,0.11000000000000003,NA,NA,NA,18,18.213076923076922,NA,NA,1.1409925350499164,294.33090911330856,37.025040304826824,15.956079730695095,0.0910879120879121,0.018912087912087927,4
40,Farmington,474,SNTL,2408.5296000000003,40.97462,-111.80975,2017-09-12T00:00:00Z,NA,6.0085470085470085,6.838461538461552,11.918461538461553,18.17076923076924,22.664615384615388,26.572307692307696,0.1609230769230769,NA,0.0763076923076923,0.06300000000000001,NA,8.376923076923077,NA,8.846153846153847,10.170769230769231,NA,9.21880391912076,24.20480934399481,78.22085848435202,11.738333591196213,0.08725641025641025,-0.010948717948717948,2
41,Farmington Lower,1054,SNTL,2066.2392,40.992,-111.81702,2017-09-12T00:00:00Z,NA,5.2606837606837615,6.056923076923079,11.332307692307685,16.607692307692307,19.733846153846155,23.250769230769244,0.18338461538461537,NA,0.13515384615384615,0.11730769230769232,NA,8.546923076923077,NA,10.213076923076922,10.599230769230768,NA,8.513285266334233,221.030333534404,80.89321951372715,12.004867760785341,0.08725641025641025,0.047897435897435905,2
42,Farnsworth Lake,475,SNTL,2933.0904,38.77246,-111.67662,2017-09-12T00:00:00Z,NA,5.145299145299145,7.229230769230759,12.699999999999985,17.389230769230764,21.883076923076928,26.376923076923088,0.27369230769230773,NA,0.23153846153846158,0.326076923076923,NA,6.3246153846153845,NA,7.734615384615385,8.461538461538462,NA,7.0381701603875335,278.8329410446351,55.40213427790569,10.147875260202312,0.23034412955465589,0.0011943319838056965,13
43,Fish Lake Utah,1149,SNTL,2681.6304,38.50455,-111.76693,2017-09-12T00:00:00Z,NA,3.666666666666667,4.6892307692307735,8.987692307692317,13.872307692307698,18.756923076923083,23.641538461538474,0.21853846153846151,NA,0.21338461538461534,0.030076923076923088,NA,7.649230769230769,NA,11.111538461538462,11.666923076923078,NA,3.666932526483701,102.74180107155667,47.94685227232421,11.519595439375216,0.22335470085470085,-0.009970085470085516,12
44,Five Points Lake,481,SNTL,3335.4264000000003,40.71785,-110.46721,2017-09-12T00:00:00Z,NA,1.6880341880341878,5.275384615384608,9.378461538461545,12.895384615384632,15.435384615384626,18.17076923076925,0.13100000000000003,NA,0.23576923076923073,0.2986923076923077,NA,5.684615384615385,NA,6.368461538461539,6.667692307692308,NA,5.201170028019704,131.2374065321838,75.92267510531117,6.393439427015587,0.23034412955465589,0.005425101214574846,13
212,Flowell,1138096,AGWX,1443.228,38.9571,-112.42,2017-09-12T00:00:00Z,2.0632615384615387,12.19230769230769,4.298461538461538,9.007230769230768,11.879384615384614,14.888307692307693,17.643230769230765,NA,NA,0.09076923076923078,NA,NA,NA,16.885384615384616,18.251538461538466,NA,NA,0.5574423567090083,267.785361133502,22.071399595354382,17.821032365624596,0.12934358974358975,-0.03857435897435897,5
45,Garden City Summit,1114,SNTL,2348.484,41.9215,-111.4693,2017-09-12T00:00:00Z,NA,3.547008547008547,6.447692307692302,11.332307692307687,15.435384615384613,17.975384615384606,20.906153846153835,0.11046153846153846,NA,0.12246153846153847,0.15399999999999997,NA,6.538461538461538,NA,9.443846153846154,9.443846153846154,NA,6.006071171868388,198.54999620194076,46.20651949215352,11.394374932203366,0.08725641025641025,0.03520512820512822,2
46,Gardner Peak,1066,SNTL,2536.5456,37.40083,-113.45988,2017-09-12T00:00:00Z,NA,8.542735042735043,3.516923076923078,6.838461538461544,10.355384615384615,14.067692307692301,17.58461538461538,0.08076923076923077,NA,0.07661538461538461,0.043307692307692304,NA,10.086153846153847,NA,11.83769230769231,12.180769230769231,NA,11.946224271556552,280.6913597148323,49.18347588007034,13.096173255826383,0.0898582995951417,-0.01324291497975709,3
47,GBRC HQ,1221,SNTL,2682.5448,39.32019,-111.48827,2017-09-12T00:00:00Z,NA,5.444444444444445,4.884615384615398,8.010769230769247,10.746153846153858,13.481538461538479,16.02153846153848,0.1793076923076923,NA,0.2396153846153846,0.24730769230769226,NA,9.23,NA,11.196923076923078,11.155384615384618,NA,3.5449486074557384,282.9907022095361,49.04458512518052,11.035007917969253,0.22335470085470085,0.016260683760683736,12
48,GBRC Meadows,1222,SNTL,3004.7184,39.30229,-111.45383,2017-09-12T00:00:00Z,NA,3.7649572649572645,5.666153846153857,10.160000000000018,14.45846153846155,18.75692307692308,23.055384615384604,0.2403076923076923,NA,0.2093846153846154,0.19430769230769232,NA,5.213846153846154,NA,9.10153846153846,9.65846153846154,NA,6.771304279270663,179.66076666349934,53.945653510923194,8.546803877917652,0.23034412955465589,-0.020959514170040494,13
49,George Creek,1151,SNTL,2732.2272000000003,41.91562,-113.41154,2017-09-12T00:00:00Z,NA,3.3205128205128203,5.86153846153846,10.160000000000005,15.826153846153865,21.492307692307705,24.423076923076938,0.08661538461538461,NA,0.11492307692307692,0.0893076923076923,NA,6.410769230769231,NA,8.718461538461538,9.614615384615384,NA,7.648785478991377,329.3892206965492,48.09191320114222,9.502839922316229,0.23034412955465589,-0.11542105263157897,13
50,Gooseberry RS,495,SNTL,2421.3312,38.80034,-111.68333,2017-09-12T00:00:00Z,NA,5.636752136752136,6.447692307692302,11.136923076923066,14.849230769230765,18.366153846153843,22.078461538461532,0.14561538461538465,NA,0.24938461538461537,0.2745384615384615,NA,8.118461538461538,NA,11.410769230769231,12.222307692307691,NA,4.241458567893414,129.92333429063913,43.30807999578359,12.029770492647053,0.22335470085470085,0.026029914529914516,12
51,Gooseberry RS Up,1184,SNTL,2559.1008,38.7882,-111.68892,2017-09-12T00:00:00Z,NA,5.491452991452992,4.103076923076926,7.620000000000004,11.13692307692308,14.65384615384616,18.17076923076924,0.2756923076923077,NA,0.2026923076923077,0.22215384615384612,NA,9.145384615384616,NA,11.453846153846156,12.477692307692307,NA,6.8221241311718535,215.25795086792704,46.77459138222291,11.785547119038753,0.18720879120879122,0.01548351648351648,9
146,Green River,2131,SCAN,1250.5944,39.01825,-110.16264,2017-09-12T00:00:00Z,1.3101710769230768,14.581196581196583,1.9343076923076927,3.4192307692307695,4.904153846153846,6.389076923076923,7.874,0.16284615384615383,0.10361538461538461,0.08115384615384613,0.07215384615384618,0.09707692307692307,19.786153846153844,20.597692307692302,22.30923076923077,23.248461538461545,24.06,0.6406119842404028,125.34672386349934,19.803143888567554,19.94253182868824,0.0784945054945055,0.002659340659340634,1
229,Greenville Farm,1150661,AGWX,1412.748,41.7665,-111.811,2017-09-12T00:00:00Z,1.3651913846153847,12.217948717948717,2.4032307692307695,4.904153846153846,6.760307692307691,8.792307692307693,9.945076923076922,NA,NA,0.16153846153846155,NA,NA,NA,16.270000000000003,16.696923076923074,NA,NA,1.6816546589442698,239.51900049681652,36.920566416624524,15.787951662808876,0.15260180995475114,0.008936651583710403,7
147,Grouse Creek,2160,SCAN,1778.508,41.77846,-113.82048,2017-09-12T00:00:00Z,1.7606498461538462,6.145299145299147,3.73184615384615,6.35,9.183076923076923,12.914923076923076,15.337692307692306,0.07092307692307692,0.10653846153846154,0.10253846153846155,0.15784615384615386,0.16015384615384615,12.64923076923077,15.085384615384616,16.53846153846154,17.693846153846152,18.28923076923077,2.293047973200288,176.41426970841633,19.22416740612691,14.47887925844767,0.12934358974358975,-0.026805128205128204,5
52,Gutz Peak,1065,SNTL,2061.3624,37.49617,-113.94235,2017-09-12T00:00:00Z,NA,10.273504273504274,2.5400000000000014,4.884615384615391,8.01076923076924,11.13692307692308,14.067692307692313,0.16376923076923078,NA,0.199,0.08938461538461538,NA,11.88076923076923,NA,14.059999999999999,14.273846153846156,NA,7.429407218163764,293.3952981307306,49.23329043807071,15.036577429505002,0.13207287449392713,0.06692712550607288,6
148,Hals Canyon,2164,SCAN,1603.248,38.59445,-113.75102,2017-09-12T00:00:00Z,2.785403076923077,12.64957264957265,1.2504615384615376,2.3055384615384606,3.888153846153845,5.470769230769229,6.857999999999998,NA,0.08623076923076924,0.09115384615384615,NA,0.09915384615384615,NA,18.37538461538462,20.555384615384618,NA,21.453076923076928,0.9514816770802563,68.91075220708476,17.38875342270646,17.316813484810204,0.0784945054945055,0.012659340659340657,1
53,Hardscrabble,896,SNTL,2209.8,40.86833,-111.71865,2017-09-12T00:00:00Z,NA,7.26923076923077,6.643076923076934,11.527692307692332,15.826153846153877,19.343076923076946,22.86000000000005,0.11138461538461539,NA,0.18438461538461537,0.15592307692307694,NA,8.844615384615384,NA,9.443846153846154,9.7,NA,16.2240542485547,264.8543571564477,52.525803965627446,12.68828466822144,0.08725641025641025,0.09712820512820512,2
219,Hardware Ranch,1138091,AGWX,1695.9072,41.6012,-111.567,2017-09-12T00:00:00Z,1.636854153846154,8.957264957264956,2.6376923076923076,5.97876923076923,8.733692307692307,10.804769230769228,12.055230769230768,NA,NA,0.23846153846153847,NA,NA,NA,9.926153846153845,8.20923076923077,NA,NA,4.358346518531206,253.7543133491822,35.63529214496973,12.987248432209904,0.15260180995475114,0.08585972850678733,7
149,Harms Way,2166,SCAN,2150.364,38.31347,-109.23998,2017-09-12T00:00:00Z,2.5068627692307692,10.782051282051281,1.1527692307692303,2.325076923076922,3.1652307692307677,4.024923076923074,4.884615384615381,0.09938461538461538,0.12315384615384617,0.13299999999999998,0.13707692307692307,0.06238461538461538,15.256153846153847,17.052307692307693,18.972307692307687,18.80461538461538,18.247692307692308,3.112831956676022,245.6435084308455,47.97753097181619,15.806010695464225,0.15260180995475114,-0.019601809954751165,7
54,Harris Flat,514,SNTL,2375.0016,37.48997,-112.57602,2017-09-12T00:00:00Z,NA,6.303418803418803,1.7584615384615354,3.3215384615384527,5.0799999999999885,6.838461538461524,8.792307692307677,0.24646153846153848,NA,0.2463076923076923,NA,NA,13.11923076923077,NA,14.273076923076921,NA,NA,0.5187864487315506,72.44459583975858,46.26314104646585,12.325497094405328,0.20875897435897436,0.03754871794871795,11
55,Hayden Fork,517,SNTL,2782.824,40.79669,-110.88472,2017-09-12T00:00:00Z,NA,5.12820512820513,9.183076923076927,17.584615384615383,25.204615384615384,29.893846153846148,36.14615384615383,0.273,NA,0.16015384615384615,0.1736923076923077,NA,7.777692307692307,NA,10.728461538461538,10.726923076923075,NA,14.289424412892203,108.51108019378061,61.02271535741093,8.564010444896088,0.23034412955465589,-0.07019028340080974,13
56,Hewinta,521,SNTL,2895.6000000000004,40.95009,-110.48419,2017-09-12T00:00:00Z,NA,3.6324786324786325,5.079999999999995,9.573846153846151,12.700000000000001,14.653846153846153,17.780000000000005,0.153,NA,0.14384615384615385,0.09153846153846154,NA,6.410769230769231,NA,8.546923076923077,8.933076923076923,NA,4.620423847196855,80.6122295022056,48.65229993525327,7.786823771666457,0.1709595141700405,-0.027113360323886643,8
57,Hickerson Park,522,SNTL,2780.3856,40.90663,-109.96287,2017-09-12T00:00:00Z,NA,4.260683760683761,3.321538461538467,5.861538461538462,7.815384615384615,9.769230769230766,11.332307692307685,0.20876923076923076,NA,0.2720769230769231,0.215,NA,7.564615384615385,NA,9.914615384615384,10.555384615384614,NA,3.6503657601445276,46.73084709338825,44.43276341615773,8.587382929608019,0.1709595141700405,0.10111740890688262,8
58,Hobble Creek,1223,SNTL,2248.5096000000003,40.18538,-111.35971,2017-09-12T00:00:00Z,NA,7.457264957264956,3.5169230769230713,5.666153846153857,8.206153846153851,10.355384615384612,12.309230769230764,0.07638461538461537,NA,0.10661538461538461,0.23853846153846156,NA,9.486153846153845,NA,13.375384615384617,13.804615384615385,NA,3.690593843002818,344.3847941082575,46.60560738018399,13.552171938142774,0.0910879120879121,0.01552747252747251,4
150,Holden,2127,SCAN,1446.276,39.19216,-112.40155,2017-09-12T00:00:00Z,1.7606498461538462,10.777777777777779,3.810000000000002,5.783384615384618,7.463692307692308,9.163538461538463,10.687538461538464,0.09469230769230769,0.08346153846153845,0.07323076923076922,0.12284615384615385,0.12961538461538463,18.375384615384615,18.931538461538462,20.469999999999995,21.582307692307698,22.223076923076924,0.5352198500725536,283.94073523260795,21.51497335643521,17.540000915527344,0.12934358974358975,-0.05611282051282053,5
59,Hole-in-Rock,528,SNTL,2794.4064000000003,40.92167,-110.18623,2017-09-12T00:00:00Z,NA,5.094017094017095,4.6892307692307735,7.424615384615392,9.964615384615392,11.91846153846155,13.872307692307702,0.1763076923076923,NA,0.1349230769230769,0.13284615384615384,NA,7.136923076923077,NA,8.24923076923077,8.632307692307693,NA,6.019389470941563,289.7465108585624,44.79450742642803,8.491988192901232,0.1709595141700405,-0.03603643724696359,8
60,Horse Ridge,533,SNTL,2499.0552000000002,41.313720000000004,-111.44624,2017-09-12T00:00:00Z,NA,4.901709401709402,6.05692307692308,11.332307692307714,16.02153846153848,19.538461538461554,23.641538461538484,0.14361538461538462,NA,0.04853846153846154,0.03238461538461538,NA,11.153076923076922,NA,12.350769230769231,12.092307692307692,NA,4.740733678453757,111.88397220795568,55.16165760825157,11.620918933347994,0.08725641025641025,-0.03871794871794871,2
61,Huntington Horse,1216,SNTL,2941.9296,39.61774,-111.30576,2017-09-12T00:00:00Z,NA,5.393162393162393,5.86153846153846,10.94153846153845,15.826153846153833,20.906153846153835,25.79076923076922,0.20138461538461538,NA,0.28407692307692306,0.13969230769230767,NA,7.820769230769231,NA,8.973846153846154,9.87076923076923,NA,6.306697253378095,332.2590573142593,59.50099987152944,9.713925124838616,0.23034412955465589,0.053732793522267175,13
62,Indian Canyon,543,SNTL,2795.3208,39.89166,-110.74604,2017-09-12T00:00:00Z,NA,5.833333333333334,2.7353846153846124,4.884615384615384,7.033846153846156,9.183076923076927,11.332307692307698,0.2023846153846154,NA,0.10246153846153847,0.17561538461538462,NA,7.947692307692307,NA,10.683846153846154,10.641538461538461,NA,7.867739220543445,156.1550268509287,55.49049967868781,11.546043797410416,0.13207287449392713,-0.029611336032388663,6
63,Jones Corral,1099,SNTL,2971.4952000000003,38.07125,-112.16788,2017-09-12T00:00:00Z,NA,4.128205128205128,1.9538461538461538,3.7123076923076965,5.470769230769232,7.229230769230768,8.987692307692305,0.1733846153846154,NA,0.14907692307692308,0.0613076923076923,NA,6.067692307692307,NA,7.992307692307692,8.29,NA,5.272000220290936,289.7280877883002,48.859811548407535,10.317006249625772,0.13207287449392713,0.01700404858299595,6
64,Kilfoil Creek,1145,SNTL,2200.656,41.24764,-111.41249,2017-09-12T00:00:00Z,NA,4.9743589743589745,5.2753846153846204,8.792307692307698,12.700000000000014,15.826153846153856,17.975384615384627,0.13253846153846152,NA,0.09392307692307693,0.020846153846153844,NA,6.880769230769231,NA,8.376923076923077,8.932307692307692,NA,5.602707924130344,68.53043138443107,57.16648625347718,12.350839452226136,0.0898582995951417,0.004064777327935226,3
65,Kimberly Mine,557,SNTL,2773.9848,38.48383,-112.39273,2017-09-12T00:00:00Z,NA,5.726495726495726,7.620000000000011,13.090769230769236,18.366153846153843,23.641538461538453,27.939999999999976,0.2366153846153846,NA,0.30800000000000005,0.1383076923076923,NA,8.717692307692307,NA,8.846923076923078,9.06,NA,11.61498367193856,193.61805004371672,45.67729433272034,11.483566016777345,0.18982417582417582,0.11817582417582423,10
66,Kings Cabin,559,SNTL,2660.2944,40.71632,-109.54401,2017-09-12T00:00:00Z,NA,4.82051282051282,2.93076923076923,5.2753846153846204,7.620000000000011,9.378461538461552,11.136923076923097,0.1596923076923077,NA,0.16253846153846155,0.1273846153846154,NA,10.513076923076925,NA,11.36846153846154,11.582307692307692,NA,3.9236744080837664,106.63918016499954,66.44079842450564,9.403681651814393,0.1709595141700405,-0.00842105263157894,8
67,Klondike Narrows,1115,SNTL,2209.8,41.96769,-111.59713,2017-09-12T00:00:00Z,NA,4.807692307692308,5.6661538461538425,10.15999999999999,14.263076923076918,16.21692307692307,19.34307692307692,0.12030769230769231,NA,0.1336923076923077,0.15653846153846154,NA,7.863076923076923,NA,9.017692307692307,9.144615384615385,NA,6.5034022031593715,91.1831434356206,51.234099744963856,11.534574171169234,0.18720879120879122,-0.053516483516483526,9
68,Kolob,561,SNTL,2823.3624,37.52664,-113.05386,2017-09-12T00:00:00Z,NA,5.1752136752136755,2.7353846153846124,5.080000000000003,8.010769230769217,11.136923076923058,14.067692307692287,0.05153846153846155,NA,0.11400000000000002,0.09815384615384616,NA,9.485384615384614,NA,11.923076923076925,11.624615384615385,NA,6.620207040709192,9.107889531031166,50.14624815725651,11.022902025820843,0.13207287449392713,-0.01807287449392711,6
69,Lakefork #1,566,SNTL,3087.0144,40.59709,-110.43316,2017-09-12T00:00:00Z,NA,1.6410256410256412,5.470769230769225,9.183076923076914,12.50461538461538,15.239999999999997,18.17076923076922,0.21153846153846156,NA,0.34400000000000003,0.29915384615384616,NA,6.794615384615384,NA,8.076923076923077,9.10153846153846,NA,6.268289996065026,140.99916836608563,61.711444977871714,6.767574843836852,0.23034412955465589,0.11365587044534414,13
70,Lakefork #3,1116,SNTL,2579.8272,40.5502,-110.3529,2017-09-12T00:00:00Z,NA,6.38034188034188,5.666153846153843,7.815384615384615,9.37846153846154,10.941538461538464,12.50461538461539,0.06569230769230769,NA,0.03746153846153846,0,NA,9.102307692307692,NA,11.153846153846153,12.094615384615386,NA,3.3683892694738446,91.92941610218408,42.272834404645856,10.820043229370786,0.15260180995475114,-0.11514027149321268,7
71,Lakefork Basin,513,SNTL,3317.748,40.73785,-110.62121,2017-09-12T00:00:00Z,NA,2.782051282051282,6.056923076923065,10.941538461538464,15.240000000000007,17.97538461538462,21.492307692307705,0.36769230769230765,NA,0.21715384615384614,0.32684615384615384,NA,8.333076923076923,NA,12.307692307692308,8.246153846153847,NA,2.6242380237757206,174.74122250729806,80.32267440742847,6.786518159119295,0.23034412955465589,-0.013190283400809744,13
231,Laketown,1138086,AGWX,1816.3032,41.8379,-111.334,2017-09-12T00:00:00Z,2.947025230769231,9.803418803418802,2.676769230769231,5.744307692307691,7.268307692307692,8.968153846153847,10.492153846153846,NA,NA,0.14999999999999997,NA,NA,NA,14.530000000000001,14.623846153846152,NA,NA,0.0474371235031093,186.91707178886236,26.57082383827894,12.699367711193108,0.20875897435897436,-0.0587589743589744,11
72,Lasal Mountain,572,SNTL,2919.3744,38.48226,-109.27198,2017-09-12T00:00:00Z,NA,7.05128205128205,2.930769230769224,6.252307692307683,9.573846153846144,12.699999999999985,15.826153846153826,0.1143076923076923,NA,0.09200000000000001,0.03892307692307692,NA,11.155384615384614,NA,12.947692307692307,12.777692307692309,NA,7.497067448498262,260.05784793852183,75.66927148152118,11.390719038648289,0.13207287449392713,-0.040072874493927116,6
73,Lasal Mountain-Lower,1215,SNTL,2677.0584000000003,38.48167,-109.29164,2017-09-12T00:00:00Z,NA,8.88888888888889,2.93076923076923,5.6661538461538425,8.596923076923073,11.723076923076926,14.653846153846157,0.1914615384615385,NA,0.12792307692307692,0.07376923076923075,NA,11.753076923076922,NA,12.864615384615385,12.776923076923074,NA,9.891515159804566,298.4771799253635,67.11838419646192,12.985973171796632,0.13207287449392713,-0.004149797570850211,6
223,LBW ExpFarm,1231953,AGWX,1370.9904000000001,41.6662,-111.891,2017-09-12T00:00:00Z,1.7400172307692305,11.487179487179485,2.8916923076923076,5.822461538461537,8.186615384615383,10.824307692307693,12.602307692307692,NA,NA,0.19307692307692306,NA,NA,NA,17.569999999999997,18.037692307692303,NA,NA,0.20461690832847546,338.67578516539027,36.44376040355562,16.027130222361624,0.20875897435897436,-0.0156820512820513,11
214,LBW Paradise,1231964,AGWX,1481.0232,41.5724,-111.855,2017-09-12T00:00:00Z,2.176740923076923,11.423076923076923,4.103076923076922,8.088923076923077,11.547230769230769,15.259538461538462,17.389230769230767,NA,NA,0.1376923076923077,NA,NA,NA,15.255384615384612,16.043076923076924,NA,NA,6.378634855125043,62.40623056035638,38.97739237159263,15.425439881138246,0.0898582995951417,0.047834008097165995,3
199,LBW SouthFork,1231956,AGWX,1552.9560000000001,41.4967,-111.819,2017-09-12T00:00:00Z,2.0701390769230765,11.222222222222221,4.474307692307692,8.850923076923078,12.58276923076923,16.52953846153846,18.756923076923076,NA,NA,0.29384615384615387,NA,NA,NA,17.935384615384617,19.529999999999998,NA,NA,11.16158952577715,104.84762473127707,44.1492848076318,14.685948745483238,0.18720879120879122,0.10663736263736265,9
222,Lewiston,1138084,AGWX,1375.8672000000001,41.9521,-111.869,2017-09-12T00:00:00Z,2.176740923076923,10.974358974358974,2.950307692307692,5.568461538461539,7.678615384615384,10.04276923076923,11.31276923076923,NA,NA,0.11461538461538463,NA,NA,NA,15.971538461538461,16.25153846153846,NA,NA,0.041563060600933455,260.5616486424288,35.2172908012029,15.835665653504801,0.20875897435897436,-0.09414358974358973,11
74,Lightning Ridge,1056,SNTL,2503.9320000000002,41.35891,-111.48749,2017-09-12T00:00:00Z,NA,5.7735042735042725,8.206153846153837,15.630769230769216,22.85999999999999,27.353846153846145,33.41076923076923,0.18023076923076922,0.16707692307692307,0.08130769230769232,0.034769230769230774,0.018307692307692306,9.443846153846154,10.256923076923076,10.76923076923077,10.93923076923077,11.06846153846154,5.215748482041854,196.21080589172638,63.6304158093619,11.621500468625422,0.18982417582417582,-0.1085164835164835,10
75,Lily Lake,579,SNTL,2783.7384,40.86493,-110.79813,2017-09-12T00:00:00Z,NA,5.465811965811967,6.25230769230769,11.918461538461543,16.803076923076926,19.14769230769231,22.273846153846154,0.1063076923076923,NA,0.18215384615384617,0.08530769230769229,NA,7.94923076923077,NA,9.613846153846152,10.512307692307692,NA,7.855030087532924,313.7688365827342,52.99721168126068,8.836672586694329,0.23034412955465589,-0.04819028340080972,13
76,Little Bear,582,SNTL,1995.8304,41.40562,-111.82607,2017-09-12T00:00:00Z,NA,7.645299145299145,5.666153846153843,11.527692307692304,16.80307692307693,20.51538461538462,24.032307692307697,0.2545384615384615,NA,0.17884615384615385,0.20076923076923076,NA,10.170769230769231,NA,13.50307692307692,13.973846153846152,NA,10.76836680756655,323.8762179765552,51.716306406819825,13.16507633546726,0.18720879120879122,-0.00836263736263737,9
77,Little Grassy,583,SNTL,1848.612,37.48631,-113.84582,2017-09-12T00:00:00Z,NA,12.209401709401707,3.516923076923078,7.424615384615385,11.723076923076924,16.021538461538466,20.32000000000001,0.10523076923076924,NA,0.17238461538461536,0.15276923076923074,NA,16.412307692307692,NA,18.034615384615385,17.990000000000002,NA,5.183291851044025,52.911860151504996,36.62884397414502,17.045614177319624,0.18720879120879122,-0.014824175824175861,9
151,Little Red Fox,2155,SCAN,1644.3960000000002,40.17957,-110.30464,2017-09-12T00:00:00Z,1.7056295384615383,8.846153846153847,2.500923076923077,3.985846153846156,5.236307692307692,6.486769230769231,7.737230769230769,0.14784615384615385,0.13138461538461538,0.17407692307692307,0.2210769230769231,0.19630769230769235,14.231538461538461,17.095384615384617,17.735384615384618,17.64923076923077,17.691538461538464,3.5231287762794077,197.22309223237625,28.917507881666808,15.96146258014663,0.15260180995475114,0.02147511312217193,7
224,Loa,1265824,AGWX,2168.9568,38.3834,-111.636,2017-09-12T00:00:00Z,3.0261169230769225,10.324786324786327,1.4067692307692308,3.536461538461538,5.568461538461538,8.147538461538462,10.726615384615384,NA,NA,0.12461538461538459,NA,NA,NA,NA,12.935384615384617,NA,NA,0.8047198124706382,64.51960633700476,25.822003626728836,13.53428493750603,0.12934358974358975,-0.004728205128205168,5
206,Logan Golf,1138088,AGWX,1465.4784,41.7447,-111.789,2017-09-12T00:00:00Z,2.125159384615385,11.905982905982903,3.2433846153846155,6.603999999999999,9.065846153846154,11.684,13.208,NA,NA,0.05,NA,NA,NA,16.41076923076923,17.012307692307697,NA,NA,6.682295849530146,203.99120635207964,42.45758267464753,15.356592183544345,0.0898582995951417,-0.0398582995951417,3
78,Lonesome Beaver,1261,SNTL,2868.168,38.07,-110.77241,2017-09-12T00:00:00Z,NA,8.158119658119658,3.1261538461538487,6.6430769230769275,10.550769230769236,14.26307692307693,17.975384615384627,0.21838461538461537,NA,0.08076923076923077,0.08153846153846153,NA,8.974615384615385,NA,10.812307692307693,11.112307692307693,NA,35.31506575141304,341.14410013694265,55.0844534596359,11.303614429057031,0.0898582995951417,-0.009089068825910929,3
79,Long Flat,592,SNTL,2432.9136000000003,37.51255,-113.39661,2017-09-12T00:00:00Z,NA,8.367521367521368,2.5400000000000014,4.493846153846162,6.6430769230769275,8.98769230769231,10.746153846153854,0.11707692307692308,NA,0.069,0.09799999999999999,NA,10.297692307692309,NA,15.083846153846157,15.17153846153846,NA,2.5304736545663435,280.0009194326435,37.16507901280868,13.32498806464212,0.0910879120879121,-0.022087912087912095,4
80,Long Valley Jct,593,SNTL,2275.3320000000003,37.48756,-112.51458,2017-09-12T00:00:00Z,NA,7.6709401709401694,1.5630769230769173,3.1261538461538345,5.0799999999999885,7.033846153846142,8.987692307692296,0.12223076923076924,NA,0.1496923076923077,0.10761538461538461,NA,13.590000000000002,NA,15.383076923076924,16.965384615384618,NA,3.080241523214415,175.92080934688408,34.368876652702326,13.544680412346047,0.15260180995475114,-0.0029095022624434363,7
81,Lookout Peak,596,SNTL,2487.4728,40.83731,-111.70965,2017-09-12T00:00:00Z,NA,5.803418803418804,6.447692307692302,11.332307692307687,15.826153846153833,19.538461538461522,23.05538461538459,0.09699999999999999,NA,0.029,0.02346153846153846,NA,7.651538461538461,NA,8.547692307692309,8.632307692307693,NA,13.385608160005498,70.22435452045517,48.52424328743569,11.212353459835544,0.08725641025641025,-0.05825641025641025,2
82,Lost Creek Resv,1118,SNTL,1853.7936000000002,41.22155,-111.35947,2017-09-12T00:00:00Z,NA,5.884615384615386,2.93076923076923,4.884615384615377,6.838461538461531,8.206153846153837,9.378461538461526,0.086,NA,0.15869230769230772,0.15915384615384615,NA,11.368461538461535,NA,11.623846153846156,12.179230769230768,NA,10.802512468961607,196.79126610196636,40.20623844491899,12.786022667104472,0.13207287449392713,0.026619433198380588,6
83,Louis Meadow,972,SNTL,2042.16,40.83033,-111.76457,2017-09-12T00:00:00Z,0.9181513846153847,6.047008547008547,6.056923076923079,10.550769230769241,15.044615384615403,18.952307692307713,22.273846153846176,0.09853846153846153,NA,0.05607692307692309,0.05330769230769232,NA,11.667692307692306,NA,12.308461538461538,11.83769230769231,NA,12.020336538945614,188.50311909627155,56.36461429294065,12.50892376188163,0.08725641025641025,-0.03117948717948716,2
84,Mammoth-Cottonwood,612,SNTL,2654.5032,39.68338,-111.31818,2017-09-12T00:00:00Z,NA,4.7094017094017095,5.275384615384613,9.76923076923077,13.872307692307688,18.170769230769228,22.27384615384614,0.27415384615384614,NA,0.2693846153846154,0.2376923076923077,NA,7.521538461538461,NA,11.026923076923076,11.794615384615385,NA,4.226029397593244,234.7741321304368,58.152811481682875,10.384015904955229,0.22335470085470085,0.046029914529914534,12
152,Manderfield,2156,SCAN,1885.188,38.36649,-112.64291,2017-09-12T00:00:00Z,2.410577230769231,7.752136752136751,3.223846153846151,5.724769230769231,9.124461538461537,12.309230769230766,14.55615384615384,0.14023076923076921,0.15169230769230768,0.14046153846153844,0.1190769230769231,0.06099999999999999,12.223076923076924,16.325384615384614,16.41076923076923,17.051538461538463,16.923076923076927,0.7748830904143462,188.2637258167177,26.76574044377248,15.48745169150302,0.20875897435897436,-0.06829743589743592,11
153,Mccracken Mesa,2140,SCAN,1620.0120000000002,37.44671,-109.33776,2017-09-12T00:00:00Z,2.922953846153846,15.585470085470085,0.6447692307692309,1.2895384615384617,1.8561538461538447,2.4227692307692275,2.989384615384611,0.10907692307692309,0.10546153846153848,0.13084615384615386,0.17453846153846156,0.15923076923076923,18.076153846153847,21.923846153846164,23.376153846153844,22.81923076923077,22.81923076923077,0.9306781079034171,209.5020836206213,30.44705751824703,19.341727793655277,0.20875897435897436,-0.0779128205128205,11
85,Merchant Valley,621,SNTL,2653.284,38.30285,-112.43637,2017-09-12T00:00:00Z,NA,3.9914529914529906,5.2753846153846204,9.573846153846159,13.872307692307698,18.170769230769245,22.078461538461553,0.3545384615384615,NA,0.05807692307692307,0.0013846153846153847,NA,5.941538461538462,NA,7.306153846153846,8.80153846153846,NA,11.80208454864122,141.31479267817875,49.66302096561241,10.692566029396618,0.18720879120879122,-0.12913186813186817,9
86,Midway Valley,626,SNTL,2995.2696,37.56933,-112.83849,2017-09-12T00:00:00Z,NA,4.072649572649573,2.930769230769231,6.056923076923093,9.964615384615401,13.676923076923089,17.193846153846174,0.25261538461538463,NA,0.21123076923076922,0.2996923076923077,NA,7.265384615384615,NA,9.913076923076924,9.827692307692306,NA,10.861771294336695,16.308006835881063,54.92135905028076,9.247011395909393,0.1709595141700405,0.04027125506072873,8
154,Milford,2129,SCAN,1525.5240000000001,38.34196,-113.01053,2017-09-12T00:00:00Z,2.4208935384615384,10.452991452991453,2.5986153846153863,4.982307692307693,7.600461538461539,10.238153846153844,12.699999999999998,0.20030769230769233,0.26623076923076927,0.11215384615384617,0.30630769230769234,0.07499999999999998,15.811538461538467,17.820769230769233,19.443846153846152,20.383076923076924,20.856153846153845,0.30433545066054235,237.59884696884205,23.23590282540489,17.744184366767037,0.12934358974358975,-0.01718974358974358,5
87,Mill-D North,628,SNTL,2731.9224,40.65883,-111.63683,2017-09-12T00:00:00Z,NA,5.927350427350428,7.033846153846156,12.11384615384616,15.826153846153861,18.756923076923094,22.664615384615402,0.11323076923076923,NA,0.033,0.04192307692307692,NA,8.762307692307694,NA,10.383846153846154,10.12846153846154,NA,11.073847375326615,208.27944316115276,52.40973973030438,10.965245451691613,0.08725641025641025,-0.054256410256410245,2
88,Mining Fork,631,SNTL,2528.3160000000003,40.49384,-112.61141,2017-09-12T00:00:00Z,NA,6.670940170940171,3.321538461538453,5.4707692307692115,7.033846153846128,8.596923076923046,9.964615384615344,0.07153846153846154,NA,0.10715384615384616,0.049769230769230774,NA,7.521538461538461,NA,9.186923076923076,9.016923076923076,NA,20.011585222179445,17.712385028827377,56.32790383831057,11.249262291785062,0.0898582995951417,0.017295546558704453,3
89,Monte Cristo,634,SNTL,2722.4736000000003,41.46547,-111.49688,2017-09-12T00:00:00Z,NA,4.294871794871795,6.056923076923079,11.918461538461539,16.998461538461545,20.12461538461539,24.227692307692315,0.19884615384615384,NA,0.25984615384615384,0.05515384615384616,NA,5.470769230769231,NA,7.863076923076923,8.29076923076923,NA,6.2669264307864765,59.74871315938712,54.3376372726742,10.160883385438037,0.23034412955465589,0.029502024291497952,13
155,Morgan,2133,SCAN,1558.4424000000001,40.9999,-111.68555,2017-09-12T00:00:00Z,0.6086621538461539,6.615384615384617,3.6732307692307673,6.447692307692309,8.870461538461543,10.668000000000006,12.074769230769238,0.1843846153846154,0.21946153846153849,0.26884615384615385,0.2959230769230769,0.20353846153846156,15.982307692307693,16.75153846153846,18.29153846153846,18.460769230769234,18.076153846153847,0.3745775271675022,334.45696392442846,36.50707191870633,15.89999915912245,0.20875897435897436,0.06008717948717948,11
90,Mosby Mtn.,643,SNTL,2911.7544000000003,40.60798,-109.8881,2017-09-12T00:00:00Z,NA,3.4615384615384617,6.6430769230769195,10.746153846153858,14.45846153846155,18.17076923076924,21.68769230769232,0.11792307692307692,NA,0.08423076923076923,0.096,NA,8.24846153846154,NA,8.845384615384615,9.186923076923076,NA,4.995815754001219,61.42320571248024,75.84814957085408,8.320423766992299,0.23034412955465589,-0.14611336032388667,13
156,Mountain Home,2134,SCAN,2111.3496,40.37263,-110.40602,2017-09-12T00:00:00Z,2.3005366153846154,8.636752136752136,2.1687692307692292,3.0479999999999974,3.7513846153846115,4.454769230769226,5.158153846153841,0.06053846153846155,0.10176923076923078,0.14053846153846156,0.12576923076923077,0.1649230769230769,12.60692307692308,16.026923076923076,17.478461538461538,16.58153846153846,17.051538461538463,1.2061670794648687,121.42697608803876,34.315953630450565,13.521217583511934,0.15260180995475114,-0.012063348416289588,7
91,Mt Baldy,1224,SNTL,2902.9152000000004,39.13648,-111.50527,2017-09-12T00:00:00Z,NA,4.337606837606837,3.907692307692307,7.229230769230774,10.160000000000005,13.09076923076924,16.4123076923077,0.22515384615384615,NA,0.2114615384615385,0.2186923076923077,NA,8.716923076923077,NA,9.486923076923077,9.656923076923077,NA,12.362978404820877,84.64566182235603,58.490522435319384,10.110859627169429,0.1709595141700405,0.04050202429149802,8
92,Mt Pennell,1269,SNTL,2806.9032,37.97793,-110.7933,2017-09-12T00:00:00Z,NA,8.358974358974358,2.344615384615383,5.666153846153843,8.987692307692303,12.309230769230762,15.82615384615384,0.11200000000000002,NA,0.1047692307692308,0.05823076923076924,NA,7.351538461538462,NA,9.785384615384615,10.813076923076922,NA,20.210379597771226,28.107917402545922,57.33017026099898,11.830801768773469,0.13207287449392713,-0.027303643724696333,6
215,Murray,1138094,AGWX,1307.592,40.6313,-111.92,2017-09-12T00:00:00Z,1.8569353846153844,14.448717948717952,3.5364615384615385,8.088923076923077,10.335846153846152,12.875846153846153,15.259538461538462,NA,NA,0.24538461538461542,NA,NA,NA,16.91615384615385,17.06384615384615,NA,NA,0.4549059332143802,234.22308701613488,33.01741505772459,18.849168547258387,0.22335470085470085,0.022029914529914568,12
157,Nephi,2137,SCAN,1598.6760000000002,39.64554,-111.87044,2017-09-12T00:00:00Z,2.3142916923076924,10.935897435897434,4.298461538461537,6.9947692307692275,9.55430769230769,11.85984615384615,13.579230769230763,0.20176923076923078,0.20207692307692307,0.13253846153846155,0.07869230769230767,0.0676923076923077,17.734615384615385,18.376153846153844,19.27153846153846,20.085384615384612,20.00153846153846,1.3394733043723592,300.9226866007958,31.481092031104744,17.247178555015232,0.0910879120879121,0.04145054945054945,4
225,Nephi,1138095,AGWX,1524.6096,39.6894,-111.877,2017-09-12T00:00:00Z,2.9573415384615385,12.769230769230772,4.024923076923076,8.167076923076923,11.117384615384614,14.028615384615382,16.627230769230767,NA,NA,0.13230769230769232,NA,NA,NA,16.96153846153846,16.412307692307692,NA,NA,0.30082186564218816,258.8270214893486,30.729708996538875,17.71726690745655,0.22335470085470085,-0.09104700854700853,12
93,Oak Creek,1146,SNTL,2392.6800000000003,39.3485,-112.32639,2017-09-12T00:00:00Z,NA,9.555555555555555,5.275384615384614,8.596923076923074,11.332307692307694,14.263076923076921,17.389230769230764,0.18407692307692305,NA,0.049384615384615395,0.086,NA,8.075384615384616,NA,12.179230769230768,13.674615384615386,NA,10.131683010634813,99.05301279958881,24.673982327404257,17.649073256575107,0.0898582995951417,-0.04047368421052631,3
158,Panguitch,2157,SCAN,1991.5632,37.86975,-112.43437,2017-09-12T00:00:00Z,1.5199360000000002,5.653846153846154,2.090615384615385,4.142153846153845,6.389076923076922,8.635999999999997,10.921999999999997,0.08684615384615382,0.2630769230769231,0.12538461538461537,0.19292307692307692,0.3494615384615384,12.052307692307693,12.606153846153846,12.52076923076923,13.077692307692306,13.118461538461538,0.8463785524686542,106.63143369336481,25.7613649185117,14.611889010125498,0.12934358974358975,-0.003958974358974382,5
205,Panguitch,1138099,AGWX,1996.44,37.8686,-112.422,2017-09-12T00:00:00Z,2.613464615384615,10.192307692307692,0,0,0,0,0,NA,NA,0.4284615384615385,NA,NA,NA,13.563846153846153,12.45153846153846,NA,NA,0.7495544076372237,293.49463656719195,25.89994496794535,14.628239994020754,0.20875897435897436,0.21970256410256414,11
94,Panguitch Lake RS,1148,SNTL,2545.08,37.70463,-112.65037,2017-09-12T00:00:00Z,NA,7,1.5630769230769244,3.1261538461538487,4.884615384615385,6.838461538461539,8.792307692307693,0.30400000000000005,NA,0.31907692307692304,0.40369230769230763,NA,10.12846153846154,NA,12.819230769230769,12.734615384615385,NA,3.8430272003118047,21.924680406352895,41.79506605896668,12.040756015258097,0.15260180995475114,0.1664751131221719,7
159,Park Valley,2153,SCAN,1553.8704,41.77318,-113.28596,2017-09-12T00:00:00Z,2.138914461538462,7.448717948717948,2.5009230769230753,4.98230769230769,8.9876923076923,11.488615384615374,12.289692307692299,0.032769230769230766,0.059076923076923075,0.040153846153846144,NA,NA,14.956153846153846,16.966923076923077,19.315384615384612,20.256923076923076,20.77,0.9417990464264705,165.5694073789699,15.559094000539393,15.95957611883732,0.12934358974358975,-0.0891897435897436,5
95,Parleys Summit,684,SNTL,2311.908,40.76184,-111.62917,2017-09-12T00:00:00Z,NA,6.7905982905982905,9.183076923076914,15.826153846153833,22.664615384615374,27.939999999999976,32.82461538461536,0.23099999999999998,NA,0.358076923076923,0.26076923076923075,NA,9.616153846153846,NA,13.676153846153849,14.828461538461537,NA,8.020328912260872,22.76406941772194,56.47650413750431,13.165444734951377,0.18982417582417582,0.1682527472527472,10
202,Parowan,1138054,AGWX,1758.6960000000001,37.8623,-112.881,2017-09-12T00:00:00Z,2.503424,12.141025641025639,2.1883076923076925,4.357076923076923,6.467230769230769,8.870461538461537,11.31276923076923,NA,NA,0.19461538461538463,NA,NA,NA,15.256153846153845,15.910769230769233,NA,NA,0.7501135748853598,301.791146975498,19.872986570463,16.954560216037788,0.12934358974358975,0.06527179487179488,5
97,Parrish Creek,971,SNTL,2359.152,40.93417,-111.81372,2017-09-12T00:00:00Z,NA,6.346153846153848,6.056923076923065,10.550769230769216,15.4353846153846,18.952307692307667,22.078461538461507,0.06407692307692306,NA,0.07276923076923077,0.1729230769230769,NA,8.163076923076924,NA,8.718461538461538,9.016153846153845,NA,7.782766949450793,273.43731515706685,61.56520702192904,12.032101876464777,0.08725641025641025,-0.01448717948717948,2
98,Payson R.S.,686,SNTL,2451.8112,39.92976,-111.63109,2017-09-12T00:00:00Z,NA,6.97008547008547,4.493846153846155,7.424615384615379,10.35538461538461,12.89538461538461,16.41230769230768,0.2763076923076923,NA,0.24753846153846154,0.18430769230769234,NA,11.36846153846154,NA,13.034615384615385,13.88846153846154,NA,1.0969999500255305,130.54908782594316,50.42883628777408,12.546411715143936,0.22335470085470085,0.024183760683760686,12
99,Pickle Keg,691,SNTL,2749.2960000000003,39.01219,-111.58259,2017-09-12T00:00:00Z,NA,6.474358974358974,4.689230769230759,8.206153846153837,11.527692307692298,14.849230769230756,18.756923076923062,0.15515384615384614,NA,0.2446923076923077,0.1962307692307692,NA,9.956923076923077,NA,10.642307692307694,11.283076923076923,NA,14.726093382993817,152.7122088028715,51.80518585759274,11.665357850249546,0.18720879120879122,0.05748351648351649,9
100,Pine Creek,694,SNTL,2662.1232,38.88185,-112.24915,2017-09-12T00:00:00Z,NA,6.794871794871796,7.815384615384629,12.895384615384634,18.561538461538476,23.641538461538477,27.744615384615393,0.21476923076923077,NA,0.18592307692307694,0.05107692307692309,NA,7.394615384615386,NA,10.385384615384615,11.88153846153846,NA,16.96181068778759,192.82380823104037,42.0910331739134,11.48946980086812,0.18982417582417582,-0.0039010989010988817,10
160,Price,2132,SCAN,1718.1576,39.53288,-110.80604,2017-09-12T00:00:00Z,2.654729846153846,11.752136752136751,1.9538461538461536,3.8881538461538465,5.822461538461538,7.756769230769231,9.691076923076924,0.05346153846153848,0.14261538461538462,0.16615384615384615,0.19069230769230766,0.23676923076923073,16.281538461538464,19.101538461538464,20.599230769230772,21.794615384615387,21.965384615384615,1.679809285377842,182.95447871880702,28.80050198602348,16.95330191712911,0.15260180995475114,0.013552036199095008,7
209,Randolph,1138085,AGWX,1909.2672,41.8327,-111.088,2017-09-12T00:00:00Z,2.541250461538461,8.226495726495726,3.7709230769230766,8.01076923076923,10.882923076923076,14.08723076923077,16.37323076923077,NA,NA,0.15461538461538463,NA,NA,NA,12.824615384615383,12.91,NA,NA,1.6007351287224583,87.43205640579689,28.018439837163243,11.702066796846346,0.22335470085470085,-0.06873931623931623,12
101,Red Pine Ridge,714,SNTL,2739.5424000000003,39.45197,-111.27221,2017-09-12T00:00:00Z,NA,3.987179487179487,3.9076923076923076,7.229230769230759,10.746153846153833,14.458461538461524,18.17076923076921,0.28723076923076923,NA,0.24130769230769233,0.2862307692307692,NA,8.11923076923077,NA,11.026153846153846,11.23923076923077,NA,3.081996940103401,137.04470988680802,58.14036109166862,9.949078927955735,0.1709595141700405,0.07034817813765185,8
102,Redden Mine Lwr,1225,SNTL,2600.5536,40.67505,-111.21765,2017-09-12T00:00:00Z,NA,6.44017094017094,7.229230769230774,11.723076923076924,16.412307692307703,19.92923076923079,23.055384615384618,0.08576923076923076,NA,0.18546153846153846,0.0018461538461538461,NA,9.146923076923077,NA,10.46923076923077,10.769230769230766,NA,5.761634735453501,284.1779326467328,57.97306640824734,11.139465143909229,0.08725641025641025,0.09820512820512821,2
103,Rees Flat,1217,SNTL,2196.3888,39.49667,-111.72508,2017-09-12T00:00:00Z,NA,5.1581196581196584,5.275384615384614,9.378461538461538,12.504615384615388,15.435384615384617,18.366153846153846,0.22292307692307697,NA,0.1273846153846154,0.016692307692307694,NA,8.71923076923077,NA,11.06846153846154,12.093076923076923,NA,12.907517709612073,56.85927513658325,39.32552612350213,13.674226834653552,0.18720879120879122,-0.05982417582417582,9
104,Rock Creek,720,SNTL,2403.6528000000003,40.54875,-110.69292,2017-09-12T00:00:00Z,NA,6.435897435897435,3.7123076923076894,6.25230769230769,8.206153846153844,9.57384615384615,11.332307692307687,0.11376923076923078,NA,0.06376923076923077,0.029538461538461548,NA,8.247692307692308,NA,10.254615384615382,11.195384615384617,NA,3.6391150029601436,124.0145037695514,60.45903020692852,10.815724727959283,0.15260180995475114,-0.08883257918552037,7
105,Rocky Basin-Settleme,723,SNTL,2652.9792,40.44293,-112.22377,2017-09-12T00:00:00Z,NA,4.94871794871795,6.447692307692316,9.378461538461561,12.113846153846172,14.067692307692312,16.99846153846154,0.1486923076923077,NA,0.06330769230769231,0.008076923076923077,NA,6.752307692307692,NA,8.461538461538462,8.546153846153846,NA,14.656644734756746,208.846523203062,57.615055721667204,11.222886739255989,0.08725641025641025,-0.023948717948717932,2
161,Sand Hollow,2159,SCAN,941.2224,37.10516,-113.35615,2017-09-12T00:00:00Z,2.4140160000000006,19.623931623931625,1.6607692307692299,3.32153846153846,5.197230769230771,7.209692307692309,9.222153846153851,0.04084615384615384,0.04746153846153847,0.04753846153846154,0.018384615384615385,0.004153846153846154,23.46153846153846,25.128461538461536,26.410769230769237,26.154615384615383,26.36923076923077,3.0211116259354363,281.5487184785652,19.797853243547067,24.265262663110835,0.0784945054945055,-0.030956043956043955,1
106,Santaquin Meadows,1280,SNTL,2388.108,39.92076,-111.71802,2017-09-12T00:00:00Z,NA,6.4914529914529915,4.103076923076926,6.2523076923076975,8.010769230769235,9.769230769230768,11.136923076923079,0.11984615384615384,NA,0.119,0.026692307692307696,NA,11.494615384615383,NA,13.931538461538462,14.18769230769231,NA,10.60685183173301,252.30476472038848,50.87103844293598,12.68060917643427,0.0898582995951417,0.029141700404858292,3
107,Seeley Creek,742,SNTL,3018.7392,39.31042,-111.43297,2017-09-12T00:00:00Z,3.641656615384615,4.491452991452991,4.493846153846155,8.987692307692312,13.090769230769238,17.38923076923078,21.687692307692323,0.19838461538461544,NA,0.1376923076923077,0.04615384615384615,NA,7.563846153846153,NA,9.53,9.826923076923077,NA,1.915747944913137,106.61105663463141,54.35452109702912,8.712105295144745,0.1709595141700405,-0.03326720647773279,8
108,Smith  Morehouse,763,SNTL,2325.9288,40.78931,-111.09192,2017-09-12T00:00:00Z,NA,6.068376068376068,5.470769230769231,9.57384615384615,13.286153846153846,15.435384615384619,18.56153846153846,0.20530769230769227,NA,0.13584615384615384,0.0683076923076923,NA,8.675384615384615,NA,10.383846153846154,10.853846153846153,NA,12.164387052995986,322.4309079188768,53.77798864398149,11.142825459032714,0.18720879120879122,-0.05136263736263738,9
109,Snowbird,766,SNTL,2797.1496,40.56914,-111.65852,2017-09-12T00:00:00Z,NA,6.589743589743591,NA,NA,NA,NA,NA,0.0849230769230769,NA,0.18761538461538463,0.06530769230769229,NA,5.769230769230769,NA,9.445384615384615,11.11076923076923,NA,13.676281722904204,324.40391672627095,79.29873305173807,10.438362694433405,0.08725641025641025,0.10035897435897438,2
197,Snowville (West),1138081,AGWX,1354.2264,41.9838,-112.912,2017-09-12T00:00:00Z,2.685678769230769,10.952991452991451,4.298461538461538,8.167076923076923,10.433538461538461,14.712461538461534,18.34661538461538,NA,NA,0.08384615384615385,NA,NA,NA,13.312307692307693,15.62846153846154,NA,NA,0.24854115586309472,163.3702961890462,21.15440618212278,16.369840044783132,0.12934358974358975,-0.045497435897435906,5
217,Snowville South,1138082,AGWX,1466.6976,41.8663,-112.725,2017-09-12T00:00:00Z,3.390626461538461,12.722222222222225,4.884615384615385,8.90953846153846,11.66446153846154,16.509999999999998,20.359076923076923,NA,NA,0.13615384615384613,NA,NA,NA,16.342307692307692,17.63153846153846,NA,NA,2.5619244636506484,268.60000712697627,23.697160236204986,16.131319193021586,0.12934358974358975,0.006810256410256371,5
227,Spanish Fork,1138093,AGWX,1438.9608,40.0672,-111.629,2017-09-12T00:00:00Z,1.3411199999999999,14.329059829059831,3.634153846153846,7.580923076923076,9.92553846153846,11.937999999999999,13.481538461538461,NA,NA,0.10461538461538461,NA,NA,NA,17.178461538461537,18.085384615384612,NA,NA,1.0267645966097874,322.1115971273886,37.25387197834744,17.98079711435533,0.0910879120879121,0.013527472527472509,4
110,Spirit Lk,1117,SNTL,3119.628,40.83868,-110.00527,2017-09-12T00:00:00Z,NA,3.547008547008547,3.1261538461538416,5.861538461538454,8.01076923076922,9.378461538461526,10.550769230769212,0.32484615384615384,NA,0.21946153846153849,0.14546153846153848,NA,5.4692307692307685,NA,6.88,7.393846153846154,NA,4.99368262208671,93.49457710455368,71.89777384927025,6.980142942917895,0.1709595141700405,0.048502024291498,8
162,Split Mountain,2154,SCAN,1476.4512,40.39136,-109.35326,2017-09-12T00:00:00Z,1.464915692307692,11.974358974358974,1.4458461538461524,2.461846153846153,3.4778461538461545,4.376615384615385,5.275384615384616,0.04684615384615386,0.10376923076923077,0.08792307692307692,0.132,0.1625384615384615,16.709230769230768,19.871538461538464,20.641538461538456,21.87923076923077,21.96769230769231,1.0999127914185958,164.9396010254776,27.607152430283552,16.904719724534203,0.15260180995475114,-0.06467873303167422,7
163,Spooky,2158,SCAN,1627.9368000000002,37.51468,-111.26189,2017-09-12T00:00:00Z,3.400942769230769,15.67948717948718,0.7033846153846177,1.4067692307692354,2.364153846153851,3.321538461538467,4.278923076923083,0.020230769230769233,0.015692307692307693,0.021538461538461538,0.05630769230769232,0.018153846153846152,19.31769230769231,20.897692307692303,22.948461538461537,22.77615384615385,22.43615384615385,1.6844579829566724,236.81380062676817,24.10202416496961,19.575992731774296,0.0784945054945055,-0.056956043956043964,1
111,Steel Creek Park,790,SNTL,3096.1584000000003,40.90862,-110.50462,2017-09-12T00:00:00Z,NA,3.1538461538461537,5.2753846153846204,9.964615384615387,14.067692307692312,15.826153846153861,18.756923076923094,0.359,NA,0.3498461538461538,0.27084615384615385,NA,4.231538461538461,NA,4.913846153846153,5.342307692307691,NA,8.330894186053918,14.841698120487774,56.4702855017945,7.531929541184049,0.23034412955465589,0.11950202429149792,13
112,Strawberry Divide,795,SNTL,2475.8904000000002,40.16483,-111.20665,2017-09-12T00:00:00Z,NA,6.777777777777778,3.907692307692301,6.643076923076905,9.378461538461524,11.723076923076908,13.676923076923057,0.11053846153846154,NA,0,0.030769230769230778,NA,8.206153846153846,NA,10.896153846153847,11.153846153846157,NA,8.084610212771057,55.18712084534773,46.973697283710884,11.58395828922106,0.0898582995951417,-0.0898582995951417,3
113,Sunflower Flat,1249,SNTL,3053.4864000000002,38.048,-111.33981,2017-09-12T00:00:00Z,NA,5.358974358974359,2.149230769230765,4.29846153846153,6.838461538461524,9.378461538461519,12.113846153846131,0.1783846153846154,NA,0.09146153846153846,0.12584615384615386,NA,3.8884615384615384,NA,6.923076923076923,7.64923076923077,NA,7.721511066443366,17.737194416503126,47.87829455204958,9.812027509872118,0.1709595141700405,-0.07949797570850203,8
114,Suu Ranch,1248,SNTL,2453.6400000000003,37.59711,-112.92949,2017-09-12T00:00:00Z,NA,5.914529914529914,2.93076923076923,5.470769230769232,8.792307692307698,12.309230769230782,15.435384615384622,0.09576923076923077,NA,0.2055384615384616,0.32638461538461533,NA,9.315384615384614,NA,10.771538461538462,11.70923076923077,NA,6.251299721362383,61.46514654313439,43.385129111351645,12.171685711207996,0.13207287449392713,0.07346558704453446,6
115,Takka Wiiya,1247,SNTL,2780.3856,39.74104,-113.98262,2017-09-12T00:00:00Z,NA,4.683760683760684,2.5399999999999943,3.516923076923078,5.861538461538462,8.010769230769226,8.792307692307691,0.06276923076923077,NA,0.050461538461538474,0.1026923076923077,NA,8.375384615384615,NA,11.026153846153846,11.496153846153847,NA,6.6428486688525314,16.761257847950453,32.22980512632317,11.462971413585988,0.13207287449392713,-0.08161133603238865,6
116,Temple Fork,1013,SNTL,2257.3488,41.793,-111.54605,2017-09-12T00:00:00Z,NA,5.709401709401709,4.298461538461543,7.424615384615392,10.160000000000005,12.11384615384616,14.067692307692313,0.10299999999999998,NA,0.17723076923076925,0.04553846153846154,NA,9.913846153846153,NA,9.699230769230768,9.913076923076924,NA,8.277799213912385,318.5193966964446,45.43752232046787,12.50397831032679,0.0898582995951417,0.08737246963562754,3
117,Thaynes Canyon,814,SNTL,2813.304,40.6235,-111.53322,2017-09-12T00:00:00Z,NA,5.6923076923076925,8.401538461538454,14.84923076923077,20.71076923076923,25.00923076923078,28.330769230769228,0.053538461538461535,NA,0.051000000000000004,0.08976923076923075,NA,7.393846153846154,NA,8.674615384615384,9.444615384615386,NA,10.839743529808924,300.37138017299446,50.779613627373216,10.515843960802627,0.18982417582417582,-0.13882417582417583,10
118,Thistle Flat,1226,SNTL,2678.2776000000003,39.23803,-111.51998,2017-09-12T00:00:00Z,NA,6.247863247863249,4.884615384615378,8.987692307692297,12.895384615384605,17.193846153846145,21.492307692307676,0.2743076923076923,NA,0.21153846153846154,0.3495384615384615,NA,11.453846153846152,NA,12.265384615384617,12.776153846153848,NA,4.5875044202416415,319.08553504543363,50.7043049884844,11.258686795660635,0.22335470085470085,-0.011816239316239319,12
119,Timberline,1097,SNTL,2662.7328,39.67712,-110.43395,2017-09-12T00:00:00Z,NA,4.944444444444446,4.298461538461536,7.229230769230767,9.96461538461538,12.699999999999992,15.435384615384605,0.23300000000000004,NA,0.21700000000000005,0.21861538461538463,NA,11.154615384615385,NA,11.923846153846153,12.393846153846154,NA,8.621436487915165,274.4195498129367,69.33158981856539,11.835980080773528,0.0898582995951417,0.12714170040485834,3
120,Timpanogos Divide,820,SNTL,2481.072,40.42817,-111.61633,2017-09-12T00:00:00Z,NA,6.405982905982905,4.689230769230752,8.59692307692306,12.113846153846133,15.044615384615348,17.584615384615343,0.08276923076923076,NA,0.08338461538461538,0.046384615384615385,NA,9.615384615384615,NA,10.513076923076925,10.342307692307692,NA,4.9819833238359905,34.63273199756781,70.14769548366775,11.91509462230285,0.0898582995951417,-0.006473684210526326,3
121,Tony Grove Lake,823,SNTL,2582.8752,41.89833,-111.62957,2017-09-12T00:00:00Z,NA,4.713675213675215,7.033846153846142,12.895384615384602,18.561538461538433,21.883076923076878,25.790769230769175,0.15799999999999997,NA,0.17961538461538462,0.12592307692307692,NA,7.733846153846153,NA,9.40076923076923,9.956923076923077,NA,6.855562222324181,120.7565383845821,56.04194998848773,10.828382986819069,0.18982417582417582,-0.010208791208791201,10
122,Tony Grove RS,1113,SNTL,1929.9936,41.88573,-111.56918,2017-09-12T00:00:00Z,NA,5.3931623931623935,4.29846153846153,7.229230769230747,9.769230769230742,10.941538461538439,12.895384615384577,0.07830769230769231,NA,0.0933076923076923,0.04976923076923078,NA,10.896923076923077,NA,13.205384615384617,13.460769230769232,NA,6.357355889078586,98.68244181157709,59.97845045565956,12.296219980324317,0.0898582995951417,0.0034493927125505974,3
220,Tremonton,1138087,AGWX,1320.0888,41.7229,-112.154,2017-09-12T00:00:00Z,2.2455163076923075,12.4017094017094,1.5044615384615385,2.305538461538461,3.516923076923077,4.96276923076923,5.431692307692307,NA,NA,0.31769230769230766,NA,NA,NA,18.021538461538462,17.593076923076925,NA,NA,2.303308878959505,128.82554523409442,33.164078265996984,16.87942703089184,0.15260180995475114,0.16509049773755652,7
123,Trial Lake,828,SNTL,3045.5616,40.678,-110.94873,2017-09-12T00:00:00Z,NA,2.452991452991453,7.229230769230788,13.676923076923105,19.538461538461565,22.86000000000003,27.35384615384619,0.07200000000000001,NA,0.1346153846153846,0.3133076923076923,NA,5.084615384615384,NA,6.196923076923077,6.837692307692309,NA,8.273140314711066,259.1738995258232,69.89161298612632,8.234184038368673,0.23034412955465589,-0.09572874493927128,13
124,Trout Creek,833,SNTL,2901.0864,40.739,-109.6728,2017-09-12T00:00:00Z,NA,4.867521367521367,3.7123076923076965,6.838461538461538,9.378461538461533,11.332307692307687,13.28615384615384,0.13084615384615386,NA,0.19215384615384618,0.2260769230769231,NA,5.085384615384616,NA,7.3076923076923075,8.673076923076922,NA,3.704726561085783,42.96212281621732,72.65235215257717,8.28781451374714,0.1709595141700405,0.021194331983805687,8
164,Tule Valley,2163,SCAN,1399.6416000000002,39.23724,-113.45866,2017-09-12T00:00:00Z,2.369312,14.397435897435896,0.996461538461538,1.3090769230769226,2.3055384615384606,3.301999999999999,3.614615384615384,0.11423076923076922,0.08046153846153845,0.17684615384615385,0.1163076923076923,0.0756923076923077,16.753076923076925,21.408461538461538,23.589230769230767,23.80307692307692,25.343076923076925,1.9549708109774757,272.4171828127904,17.146290030889087,17.866600257152896,0.0784945054945055,0.09835164835164835,1
125,Upper Joes Valley,1227,SNTL,2620.0608,39.4155,-111.2491,2017-09-12T00:00:00Z,NA,4.337606837606838,2.5399999999999943,5.0799999999999885,7.619999999999984,10.355384615384594,13.090769230769208,0.149,NA,0.11784615384615385,0.07961538461538462,NA,7.308461538461539,NA,9.486923076923077,9.827692307692306,NA,7.465217569631603,75.99786352593094,48.865932085679155,10.715972827632495,0.13207287449392713,-0.014226720647773278,6
126,Usu Doc Daniel,1098,SNTL,2520.696,41.86425,-111.50603,2017-09-12T00:00:00Z,NA,3.542735042735043,5.2753846153846204,8.987692307692324,12.11384615384616,NA,NA,0.10823076923076923,0.06576923076923079,0.11584615384615386,0.07376923076923078,0.3922307692307691,8.46076923076923,10.043846153846154,10.94,10.854615384615384,10.555384615384614,2.1750992808128085,140.8927372494116,65.17736652482012,10.3930388528917,0.22335470085470085,-0.10750854700854699,12
207,Venice,1138097,AGWX,1598.3712,38.8235,-112,2017-09-12T00:00:00Z,2.3933833846153845,12.200854700854702,1.7193846153846155,3.614615384615384,5.548923076923078,7.463692307692308,9.222153846153846,NA,NA,0.10076923076923079,NA,NA,NA,15.657692307692306,15.57,NA,NA,0.4763887058027383,147.319575240994,23.481999930161937,16.76900009048675,0.12934358974358975,-0.028574358974358963,5
165,Vermillion,2162,SCAN,1948.2816,37.19061,-112.19252,2017-09-12T00:00:00Z,1.0900898461538462,11.021367521367521,0.7424615384615436,1.484923076923087,2.4032307692307837,3.3606153846154028,4.318000000000023,0.004230769230769231,0.023538461538461543,0.024846153846153848,0.04315384615384615,0.08669230769230768,11.283846153846154,14.699999999999998,17.393846153846155,17.053076923076926,17.180769230769236,1.879915451755087,307.0138233682586,31.99680364188704,15.99329919442885,0.0910879120879121,-0.06624175824175825,4
211,Vernal,1265822,AGWX,1665.4272,40.4584,-109.562,2017-09-12T00:00:00Z,2.5997095384615387,13.658119658119658,1.738923076923077,3.4192307692307695,4.4743076923076925,5.529384615384616,6.525846153846154,NA,NA,0.3607692307692308,NA,NA,NA,15.546923076923077,15.782307692307691,NA,NA,1.0046907140667858,108.52572969495328,27.288819705964368,15.976639887704348,0.20875897435897436,0.15201025641025642,11
127,Vernon Creek,844,SNTL,2255.8248000000003,39.93667,-112.41478,2017-09-12T00:00:00Z,NA,7.05128205128205,3.3215384615384598,4.493846153846148,6.6430769230769195,8.792307692307691,9.76923076923077,0.013769230769230771,NA,0.04838461538461539,0,NA,9.656153846153845,NA,10.598461538461539,10.771538461538464,NA,8.501611298734941,52.79345257267614,36.930538501975725,14.103640529326437,0.0898582995951417,-0.041473684210526315,3
128,Webster Flat,853,SNTL,2805.0744,37.575,-112.90155,2017-09-12T00:00:00Z,NA,5.696581196581196,3.7123076923076894,6.838461538461538,11.332307692307687,16.02153846153845,20.124615384615375,0.18384615384615385,NA,0.16,0.04061538461538461,NA,9.53,NA,9.913076923076924,10.385384615384615,NA,4.104375508491131,179.67733183996145,49.14325981468551,11.084400177240642,0.22335470085470085,-0.06335470085470085,12
166,West Summit,2139,SCAN,2131.4664000000002,38.01394,-109.12745,2017-09-12T00:00:00Z,2.5928320000000005,10.354700854700855,0.6838461538461531,1.445846153846154,2.168769230769233,3.0870769230769266,4.083538461538465,0.11792307692307694,0.1362307692307692,0.14846153846153845,0.21346153846153845,0.19399999999999998,12.436153846153843,14.356923076923076,18.035384615384615,18.075384615384618,17.733846153846155,0.44991689920840233,239.8438615824266,47.952731394631186,15.763090301468392,0.20875897435897436,-0.060297435897435914,11
129,White River #1,864,SNTL,2633.7768,39.9645,-110.98845,2017-09-12T00:00:00Z,NA,6.0085470085470085,2.7353846153846124,5.0799999999999965,7.42461538461538,9.573846153846144,11.723076923076908,0.11461538461538462,NA,0.088,0.2876153846153846,NA,10.127692307692307,NA,11.58153846153846,11.11153846153846,NA,3.9194201932671193,168.68175942817973,43.86427289976525,10.797262318186752,0.15260180995475114,-0.06460180995475115,7
130,Widtsoe #3,865,SNTL,2938.272,37.83633,-111.88163,2017-09-12T00:00:00Z,NA,5.440170940170943,1.5630769230769173,3.321538461538453,5.470769230769218,7.619999999999984,9.769230769230749,0.27669230769230774,NA,0.1136153846153846,0.026076923076923074,NA,6.794615384615384,NA,8.675384615384615,8.844615384615384,NA,7.507748698580208,291.61981251181777,46.19161862478959,10.663474884426694,0.13207287449392713,-0.018457489878542524,6
131,Wrigley Creek,1228,SNTL,2842.8696,39.13233,-111.35685,2017-09-12T00:00:00Z,NA,4.88888888888889,2.93076923076923,5.6661538461538425,8.401538461538454,11.332307692307687,14.458461538461531,0.3483076923076923,NA,0.2684615384615384,0.3140769230769231,NA,5.383846153846154,NA,7.693846153846154,8.974615384615385,NA,6.505298104404832,27.374863276484255,58.91669058569451,10.785952636227021,0.13207287449392713,0.1363886639676113,6
132,Yankee Reservoir,1197,SNTL,2649.3216,37.74797,-112.77495,2017-09-12T00:00:00Z,NA,6.837606837606837,4.493846153846162,8.596923076923087,13.286153846153853,18.170769230769235,22.664615384615384,0.18946153846153846,NA,0.2103076923076923,0.18330769230769228,NA,9.443846153846154,NA,11.794615384615383,12.435384615384617,NA,2.8440814399236642,325.5879194777445,44.29734839466508,11.642288728584585,0.22335470085470085,-0.013047008547008548,12
