Serial Number,Station Name,Station Id,Network,Elevation(meter),Latitude,Longitude,Wind Speed(m/s),Air Temperature(C),Start Date,Precipitation for 1 day,Precipitation for 2 days,Precipitation for 3 days,Precipitation for 4 days,Precipitation for 5 days,sm_2,sm_4,sm_8,sm_20,sm_40,st_2,st_4,st_8,st_20,st_40
1,Agua Canyon,907,SNTL,2712.7200000000003,37.52217,-112.27118,-999999,8.722222222222223,2017-09-20 00:00:00,0.0,0.0,0.0,0.0,2.540000000000036,0.18600000000000003,-999999,0.20600000000000002,0.106,-999999,11.67,-999999,13.89,13.33,-999999
2,Bear River RS,992,SNTL,2675.2296,40.8852,-110.8277,-999999,-0.11111111111111072,2017-09-20 00:00:00,17.77999999999998,17.77999999999998,17.77999999999998,20.319999999999926,35.55999999999996,0.19,-999999,0.042,0.03,-999999,6.11,-999999,6.11,8.33,-999999
3,Beaver Dams,329,SNTL,2435.3520000000003,39.13683,-111.55813,-999999,3.111111111111112,2017-09-20 00:00:00,0.0,0.0,0.0,0.0,22.860000000000053,0.34,-999999,0.337,0.303,-999999,10.0,-999999,11.67,12.22,-999999
4,Beaver Divide,330,SNTL,2523.744,40.61233,-111.09782,-999999,-0.2777777777777778,2017-09-20 00:00:00,15.240000000000036,15.240000000000036,15.240000000000036,15.240000000000036,35.55999999999996,0.14,-999999,0.115,0.069,-999999,5.0,-999999,8.89,11.11,-999999
5,Ben Lomond Peak,332,SNTL,2343.6072,41.37603,-111.94405,-999999,2.8888888888888906,2017-09-20 00:00:00,5.080000000000072,7.619999999999927,7.619999999999927,12.7,25.4,0.195,-999999,0.174,0.047,-999999,4.44,-999999,8.33,8.89,-999999
6,Ben Lomond Trail,333,SNTL,1820.2656000000002,41.38291,-111.92103,-999999,1.1111111111111112,2017-09-20 00:00:00,15.240000000000036,22.859999999999964,22.859999999999964,22.859999999999964,40.640000000000036,0.146,-999999,0.179,0.136,-999999,8.33,-999999,10.0,11.11,-999999
7,Bevans Cabin,1214,SNTL,1987.296,40.46182,-112.25233,-999999,3.4999999999999982,2017-09-20 00:00:00,5.080000000000072,5.080000000000072,5.080000000000072,5.080000000000072,20.320000000000107,0.032,0.015,0.0,0.0,0.004,8.33,10.56,10.56,12.22,12.78
8,Big Flat,339,SNTL,3154.3752,38.30183,-112.35672,-999999,4.222222222222223,2017-09-20 00:00:00,0.0,0.0,0.0,0.0,12.7,0.278,-999999,0.21899999999999997,0.32,-999999,6.11,-999999,6.67,6.67,-999999
9,Black Flat-U.M. Ck,348,SNTL,2869.3872,38.6799,-111.59765,-999999,6.388888888888889,2017-09-20 00:00:00,0.0,0.0,0.0,0.0,5.079999999999981,0.23800000000000002,-999999,0.244,0.083,-999999,9.44,-999999,10.0,11.11,-999999
10,Blacks Fork Jct,1162,SNTL,2703.2712,40.95814,-110.5828,-999999,-2.6111111111111107,2017-09-20 00:00:00,15.239999999999945,15.239999999999945,15.239999999999945,20.319999999999926,35.55999999999996,0.125,-999999,0.035,0.068,-999999,3.89,-999999,6.11,8.89,-999999
11,Bobs Hollow,1278,SNTL,2840.4312,38.94569,-112.15349,-999999,5.222222222222221,2017-09-20 00:00:00,0.0,0.0,0.0,2.540000000000036,27.940000000000033,0.27399999999999997,-999999,0.242,0.062,-999999,5.56,-999999,7.78,8.89,-999999
12,Box Creek,364,SNTL,3003.1944000000003,38.50809,-112.01856,-999999,6.7777777777777795,2017-09-20 00:00:00,0.0,2.540000000000036,2.540000000000036,2.540000000000036,10.160000000000053,0.14400000000000002,-999999,0.21600000000000003,0.152,-999999,6.11,-999999,9.44,10.0,-999999
13,Box Springs,1156,SNTL,2812.6944000000003,38.49746,-112.00779,-999999,6.722222222222223,2017-09-20 00:00:00,0.0,0.0,0.0,0.0,10.159999999999963,0.16,-999999,0.069,0.085,-999999,8.33,-999999,9.44,10.0,-999999
14,Brian Head,1154,SNTL,3059.8872,37.67994,-112.85674,-999999,4.222222222222223,2017-09-20 00:00:00,2.5399999999998553,2.5399999999998553,2.5399999999998553,2.5399999999998553,2.5399999999998553,0.098,-999999,0.098,0.17,-999999,7.22,-999999,10.0,9.44,-999999
15,Brighton,366,SNTL,2671.8768,40.59936,-111.58167,-999999,0.0,2017-09-20 00:00:00,0.0,5.079999999999892,5.079999999999892,17.77999999999989,40.640000000000036,0.222,-999999,0.027999999999999997,0.040999999999999995,-999999,3.33,-999999,6.11,8.33,-999999
16,Brown Duck,368,SNTL,3222.9552000000003,40.58102,-110.58587,-999999,-1.0000000000000004,2017-09-20 00:00:00,5.079999999999892,5.079999999999892,5.079999999999892,7.619999999999927,17.77999999999989,0.20600000000000002,-999999,0.11800000000000001,0.188,-999999,2.22,-999999,5.56,6.67,-999999
17,Buck Flat,371,SNTL,2867.8632000000002,39.134,-111.43722,-999999,6.222222222222224,2017-09-20 00:00:00,0.0,0.0,0.0,0.0,25.4,0.361,-999999,0.371,0.4,-999999,7.22,-999999,10.0,9.44,-999999
18,Buck Pasture,1192,SNTL,2935.8336,40.84456,-110.66068,-999999,-2.2777777777777786,2017-09-20 00:00:00,15.240000000000036,15.240000000000036,15.240000000000036,17.77999999999989,35.55999999999996,0.424,-999999,0.42,0.41700000000000004,-999999,5.56,-999999,7.22,7.78,-999999
19,Buckboard Flat,1153,SNTL,2720.0352000000003,37.86943,-109.44717,-999999,11.222222222222223,2017-09-20 00:00:00,0.0,0.0,0.0,0.0,0.0,0.245,-999999,0.247,0.18600000000000003,-999999,8.33,-999999,9.44,10.0,-999999
20,Bug Lake,374,SNTL,2434.4376,41.68541,-111.41987,-999999,-0.8888888888888897,2017-09-20 00:00:00,17.780000000000072,33.02000000000011,33.02000000000011,33.02000000000011,43.18000000000007,0.203,-999999,0.17800000000000002,0.196,-999999,4.44,-999999,7.22,10.0,-999999
21,Burts Miller Ranch,1135,SNTL,2438.4,40.98492,-110.85075,-999999,0.7222222222222207,2017-09-20 00:00:00,12.7,12.7,12.7,17.77999999999998,30.47999999999998,0.344,-999999,0.297,0.40700000000000003,-999999,6.67,-999999,9.44,10.56,-999999
22,Camp Jackson,383,SNTL,2699.9184,37.81333,-109.48723,-999999,8.277777777777779,2017-09-20 00:00:00,0.0,0.0,0.0,0.0,0.0,0.09,-999999,0.084,0.11699999999999999,-999999,8.89,-999999,10.0,10.0,-999999
23,Cascade Mountain,1039,SNTL,2369.5152000000003,40.283,-111.60992,-999999,5.1111111111111125,2017-09-20 00:00:00,2.5399999999998553,5.079999999999892,5.079999999999892,5.079999999999892,30.47999999999989,0.043,-999999,0.10800000000000001,0.057,-999999,9.44,-999999,9.44,9.44,-999999
24,Castle Valley,390,SNTL,2928.2136,37.66098,-112.74093,-999999,6.7777777777777795,2017-09-20 00:00:00,0.0,0.0,0.0,0.0,2.5399999999998553,0.14800000000000002,-999999,0.23,0.312,-999999,9.44,-999999,9.44,9.44,-999999
25,Chalk Creek #1,392,SNTL,2795.3208,40.85464,-111.04765,-999999,-1.3888888888888888,2017-09-20 00:00:00,22.859999999999964,22.859999999999964,22.859999999999964,25.4,60.95999999999996,0.37,-999999,0.374,0.27399999999999997,-999999,3.89,-999999,6.67,8.33,-999999
26,Chalk Creek #2,393,SNTL,2501.7984,40.88529,-111.06954,-999999,1.6111111111111103,2017-09-20 00:00:00,25.4,25.4,25.4,25.4,66.04000000000003,0.215,-999999,0.253,0.012,-999999,3.89,-999999,6.67,8.33,-999999
27,Chepeta,396,SNTL,3200.0952,40.77458,-110.0105,-999999,-0.22222222222222143,2017-09-20 00:00:00,0.0,0.0,0.0,2.540000000000036,5.079999999999981,0.079,-999999,0.067,0.126,-999999,3.89,-999999,6.11,7.22,-999999
28,Clayton Springs,983,SNTL,3062.9352000000003,37.9725,-111.83355,-999999,5.611111111111112,2017-09-20 00:00:00,0.0,0.0,0.0,0.0,2.540000000000036,0.17800000000000002,-999999,0.175,0.105,-999999,6.11,-999999,9.44,9.44,-999999
29,Clear Creek #1,399,SNTL,2735.58,39.86671,-111.28363,-999999,1.6111111111111103,2017-09-20 00:00:00,0.0,0.0,0.0,0.0,22.859999999999964,0.188,-999999,0.065,0.09,-999999,6.11,-999999,8.33,10.0,-999999
30,Clear Creek #2,400,SNTL,2388.7176,39.89275,-111.25154,-999999,0.2777777777777778,2017-09-20 00:00:00,0.0,0.0,0.0,0.0,17.77999999999998,0.105,-999999,0.14,0.043,-999999,7.22,-999999,9.44,10.0,-999999
31,Corral,1236,SNTL,2501.4936000000002,39.65795,-110.37906,-999999,3.7777777777777763,2017-09-20 00:00:00,0.0,0.0,0.0,2.539999999999946,10.159999999999963,0.258,-999999,0.146,0.146,-999999,8.33,-999999,10.0,10.56,-999999
32,Currant Creek,432,SNTL,2412.492,40.35747,-111.08993,-999999,-1.722222222222223,2017-09-20 00:00:00,5.079999999999981,5.079999999999981,5.079999999999981,5.079999999999981,17.77999999999998,0.138,-999999,0.034,0.09699999999999999,-999999,7.22,-999999,10.0,11.67,-999999
33,Daniels-Strawberry,435,SNTL,2440.8384,40.2953,-111.25677,0.715264,-0.3888888888888885,2017-09-20 00:00:00,5.079999999999892,5.079999999999892,5.079999999999892,7.619999999999927,27.940000000000033,0.129,-999999,0.066,0.043,-999999,6.67,-999999,8.89,11.11,-999999
34,Dills Camp,444,SNTL,2812.6944000000003,39.04554,-111.46875,-999999,6.888888888888888,2017-09-20 00:00:00,0.0,0.0,0.0,2.5399999999998553,25.4,0.126,-999999,0.264,0.172,-999999,7.22,-999999,8.33,7.78,-999999
35,Donkey Reservoir,452,SNTL,2986.7352,38.2084,-111.47412,-999999,7.6111111111111125,2017-09-20 00:00:00,0.0,0.0,0.0,0.0,5.079999999999981,0.314,-999999,0.12,0.105,-999999,6.11,-999999,8.33,7.78,-999999
36,Dry Bread Pond,455,SNTL,2530.4496,41.41289,-111.5377,-999999,0.11111111111111269,2017-09-20 00:00:00,25.4,35.55999999999996,35.55999999999996,35.55999999999996,53.34000000000003,0.245,-999999,0.085,0.0,-999999,2.22,-999999,7.22,8.33,-999999
37,Dry Fork,906,SNTL,2161.9464000000003,40.56533,-112.17343,-999999,1.722222222222223,2017-09-20 00:00:00,10.159999999999963,10.159999999999963,10.159999999999963,10.159999999999963,35.55999999999996,0.184,-999999,0.059000000000000004,0.0,-999999,9.44,-999999,10.0,10.56,-999999
38,East Willow Creek,461,SNTL,2530.4496,39.31213,-109.53179,-999999,2.1111111111111094,2017-09-20 00:00:00,0.0,0.0,0.0,0.0,7.620000000000018,0.114,-999999,0.08,0.07400000000000001,-999999,9.44,-999999,11.67,12.22,-999999
39,EF Blacks Fork GS,1163,SNTL,2852.9280000000003,40.88472,-110.54056,-999999,0.8888888888888897,2017-09-20 00:00:00,10.159999999999963,10.159999999999963,10.159999999999963,15.240000000000036,22.859999999999964,0.387,-999999,0.368,0.397,-999999,6.67,-999999,8.33,9.44,-999999
40,Farmington,474,SNTL,2408.5296000000003,40.97462,-111.80975,-999999,1.1111111111111112,2017-09-20 00:00:00,12.7,15.239999999999855,15.239999999999855,15.239999999999855,45.71999999999993,0.204,-999999,0.076,0.055999999999999994,-999999,5.56,-999999,6.67,9.44,-999999
41,Farmington Lower,1054,SNTL,2066.2392,40.992,-111.81702,-999999,1.1111111111111112,2017-09-20 00:00:00,15.240000000000036,17.77999999999989,17.77999999999989,17.77999999999989,43.179999999999886,0.245,-999999,0.10800000000000001,0.10800000000000001,-999999,6.11,-999999,8.89,10.0,-999999
42,Farnsworth Lake,475,SNTL,2933.0904,38.77246,-111.67662,-999999,4.500000000000001,2017-09-20 00:00:00,0.0,0.0,0.0,0.0,15.240000000000036,0.317,-999999,0.271,0.349,-999999,5.56,-999999,7.22,7.78,-999999
43,Fish Lake Utah,1149,SNTL,2681.6304,38.50455,-111.76693,-999999,4.500000000000001,2017-09-20 00:00:00,0.0,0.0,0.0,0.0,5.080000000000072,0.204,-999999,0.21899999999999997,0.03,-999999,7.78,-999999,11.11,11.11,-999999
44,Five Points Lake,481,SNTL,3335.4264000000003,40.71785,-110.46721,-999999,1.722222222222223,2017-09-20 00:00:00,2.540000000000036,2.540000000000036,2.540000000000036,2.540000000000036,10.160000000000144,0.11699999999999999,-999999,0.249,0.306,-999999,4.44,-999999,5.56,6.67,-999999
45,Garden City Summit,1114,SNTL,2348.484,41.9215,-111.4693,-999999,-1.7777777777777775,2017-09-20 00:00:00,20.320000000000107,35.560000000000144,35.560000000000144,38.099999999999994,48.26000000000014,0.218,-999999,0.11800000000000001,0.151,-999999,3.33,-999999,7.78,8.89,-999999
46,Gardner Peak,1066,SNTL,2536.5456,37.40083,-113.45988,-999999,9.722222222222221,2017-09-20 00:00:00,0.0,0.0,0.0,0.0,0.0,0.083,-999999,0.076,0.046,-999999,10.56,-999999,12.22,11.67,-999999
47,GBRC HQ,1221,SNTL,2682.5448,39.32019,-111.48827,-999999,2.1111111111111094,2017-09-20 00:00:00,0.0,0.0,0.0,2.540000000000036,17.780000000000072,0.212,-999999,0.295,0.24600000000000002,-999999,7.78,-999999,10.56,10.56,-999999
48,GBRC Meadows,1222,SNTL,3004.7184,39.30229,-111.45383,-999999,2.2777777777777786,2017-09-20 00:00:00,0.0,0.0,0.0,5.079999999999892,25.4,0.25,-999999,0.268,0.218,-999999,3.33,-999999,8.33,8.89,-999999
49,George Creek,1151,SNTL,2732.2272000000003,41.91562,-113.41154,-999999,-0.7222222222222227,2017-09-20 00:00:00,2.540000000000036,5.080000000000072,5.080000000000072,5.080000000000072,10.160000000000144,0.07200000000000001,-999999,0.111,0.09,-999999,2.78,-999999,6.67,8.89,-999999
50,Gooseberry RS,495,SNTL,2421.3312,38.80034,-111.68333,-999999,2.6111111111111125,2017-09-20 00:00:00,0.0,0.0,2.540000000000036,2.540000000000036,12.7,0.175,-999999,0.27699999999999997,0.27399999999999997,-999999,7.22,-999999,11.67,12.22,-999999
51,Gooseberry RS Up,1184,SNTL,2559.1008,38.7882,-111.68892,-999999,2.999999999999999,2017-09-20 00:00:00,0.0,0.0,0.0,0.0,10.159999999999963,0.302,-999999,0.21600000000000003,0.222,-999999,8.33,-999999,11.11,12.22,-999999
52,Gutz Peak,1065,SNTL,2061.3624,37.49617,-113.94235,-999999,13.277777777777779,2017-09-20 00:00:00,0.0,0.0,0.0,0.0,2.539999999999946,0.18100000000000002,-999999,0.205,0.08900000000000001,-999999,12.22,-999999,13.89,13.89,-999999
53,Hardscrabble,896,SNTL,2209.8,40.86833,-111.71865,-999999,3.111111111111112,2017-09-20 00:00:00,10.160000000000144,12.7,12.7,15.240000000000036,48.26000000000014,0.161,-999999,0.252,0.157,-999999,7.78,-999999,8.89,9.44,-999999
54,Harris Flat,514,SNTL,2375.0016,37.48997,-112.57602,-999999,10.61111111111111,2017-09-20 00:00:00,0.0,0.0,0.0,0.0,0.0,0.25,-999999,0.25,-999999,-999999,13.33,-999999,13.89,-999999,-999999
55,Hayden Fork,517,SNTL,2782.824,40.79669,-110.88472,-999999,-1.6111111111111103,2017-09-20 00:00:00,22.859999999999964,22.859999999999964,22.859999999999964,25.4,68.57999999999988,0.34700000000000003,-999999,0.21899999999999997,0.11199999999999999,-999999,5.56,-999999,8.89,10.0,-999999
56,Hewinta,521,SNTL,2895.6000000000004,40.95009,-110.48419,-999999,-2.2222222222222223,2017-09-20 00:00:00,15.240000000000036,15.240000000000036,15.240000000000036,17.77999999999998,27.940000000000033,0.125,-999999,0.113,0.094,-999999,3.89,-999999,6.67,8.33,-999999
57,Hickerson Park,522,SNTL,2780.3856,40.90663,-109.96287,-999999,-0.3888888888888885,2017-09-20 00:00:00,0.0,2.540000000000036,2.540000000000036,2.540000000000036,10.160000000000053,0.184,-999999,0.265,0.221,-999999,4.44,-999999,7.78,9.44,-999999
58,Hobble Creek,1223,SNTL,2248.5096000000003,40.18538,-111.35971,-999999,2.7222222222222214,2017-09-20 00:00:00,2.540000000000036,2.540000000000036,2.540000000000036,2.540000000000036,20.320000000000107,0.067,-999999,0.105,0.242,-999999,6.11,-999999,11.67,13.33,-999999
59,Hole-in-Rock,528,SNTL,2794.4064000000003,40.92167,-110.18623,-999999,0.9999999999999984,2017-09-20 00:00:00,7.620000000000018,10.160000000000053,10.160000000000053,10.160000000000053,17.77999999999998,0.221,-999999,0.13699999999999998,0.13,-999999,5.0,-999999,6.67,7.78,-999999
60,Horse Ridge,533,SNTL,2499.0552000000002,41.31372,-111.44624,-999999,-0.2777777777777778,2017-09-20 00:00:00,17.780000000000072,25.4,25.4,25.4,50.8,0.248,-999999,0.032,0.039,-999999,5.56,-999999,7.78,11.11,-999999
61,Huntington Horse,1216,SNTL,2941.9296,39.61774,-111.30576,-999999,2.3888888888888875,2017-09-20 00:00:00,0.0,0.0,0.0,0.0,35.55999999999996,0.243,-999999,0.349,0.138,-999999,6.11,-999999,7.78,9.44,-999999
62,Indian Canyon,543,SNTL,2795.3208,39.89166,-110.74604,-999999,3.7222222222222237,2017-09-20 00:00:00,0.0,0.0,0.0,0.0,17.780000000000072,0.242,-999999,0.102,0.17600000000000002,-999999,8.33,-999999,10.56,10.0,-999999
63,Jones Corral,1099,SNTL,2971.4952000000003,38.07125,-112.16788,-999999,7.11111111111111,2017-09-20 00:00:00,0.0,0.0,0.0,0.0,5.079999999999981,0.195,-999999,0.14800000000000002,0.06,-999999,6.11,-999999,7.78,7.78,-999999
64,Kilfoil Creek,1145,SNTL,2200.656,41.24764,-111.41249,-999999,-0.6111111111111119,2017-09-20 00:00:00,10.160000000000053,15.240000000000036,15.240000000000036,15.240000000000036,27.940000000000033,0.21100000000000002,-999999,0.076,0.021,-999999,4.44,-999999,7.22,8.33,-999999
65,Kimberly Mine,557,SNTL,2773.9848,38.48383,-112.39273,-999999,8.277777777777779,2017-09-20 00:00:00,0.0,0.0,0.0,0.0,15.239999999999855,0.248,-999999,0.337,0.147,-999999,9.44,-999999,9.44,8.89,-999999
66,Kings Cabin,559,SNTL,2660.2944,40.71632,-109.54401,-999999,3.277777777777777,2017-09-20 00:00:00,0.0,0.0,2.540000000000036,2.540000000000036,12.7,0.166,-999999,0.157,0.125,-999999,8.89,-999999,10.0,10.56,-999999
67,Klondike Narrows,1115,SNTL,2209.8,41.96769,-111.59713,-999999,0.6111111111111119,2017-09-20 00:00:00,30.48000000000007,45.720000000000105,45.720000000000105,48.25999999999996,50.8,0.292,-999999,0.23,0.251,-999999,3.89,-999999,6.11,8.33,-999999
68,Kolob,561,SNTL,2823.3624,37.52664,-113.05386,-999999,4.61111111111111,2017-09-20 00:00:00,0.0,0.0,0.0,0.0,0.0,0.049,-999999,0.11699999999999999,0.09699999999999999,-999999,9.44,-999999,12.22,11.67,-999999
69,Lakefork #1,566,SNTL,3087.0144,40.59709,-110.43316,-999999,0.11111111111111269,2017-09-20 00:00:00,2.540000000000036,2.540000000000036,2.540000000000036,2.540000000000036,12.7,0.21899999999999997,-999999,0.35,0.29100000000000004,-999999,5.0,-999999,6.67,8.33,-999999
70,Lakefork #3,1116,SNTL,2579.8272,40.5502,-110.3529,-999999,0.2777777777777778,2017-09-20 00:00:00,0.0,0.0,0.0,0.0,10.160000000000053,0.064,-999999,0.057,0.0,-999999,6.67,-999999,9.44,11.11,-999999
71,Lakefork Basin,513,SNTL,3317.748,40.73785,-110.62121,-999999,1.5000000000000016,2017-09-20 00:00:00,12.7,12.7,12.7,25.4,35.55999999999996,0.327,-999999,0.392,0.326,-999999,7.78,-999999,7.22,7.78,-999999
72,Lasal Mountain,572,SNTL,2919.3744,38.48226,-109.27198,-999999,7.222222222222222,2017-09-20 00:00:00,0.0,0.0,0.0,0.0,0.0,0.129,-999999,0.13,0.040999999999999995,-999999,11.67,-999999,13.33,12.22,-999999
73,Lasal Mountain-Lower,1215,SNTL,2677.0584000000003,38.48167,-109.29164,-999999,10.111111111111112,2017-09-20 00:00:00,0.0,0.0,0.0,0.0,5.079999999999981,0.23199999999999998,-999999,0.158,0.078,-999999,11.11,-999999,12.22,11.67,-999999
74,Lightning Ridge,1056,SNTL,2503.9320000000002,41.35891,-111.48749,-999999,0.6111111111111119,2017-09-20 00:00:00,33.019999999999925,40.63999999999985,40.63999999999985,40.63999999999985,76.19999999999999,0.295,0.26899999999999996,0.16399999999999998,0.033,0.018000000000000002,5.56,6.67,8.33,10.0,10.56
75,Lily Lake,579,SNTL,2783.7384,40.86493,-110.79813,-999999,-0.3888888888888885,2017-09-20 00:00:00,15.240000000000036,15.240000000000036,15.240000000000036,17.77999999999998,33.02000000000002,0.14800000000000002,-999999,0.182,0.084,-999999,5.0,-999999,7.22,10.0,-999999
76,Little Bear,582,SNTL,1995.8304,41.40562,-111.82607,-999999,3.7777777777777763,2017-09-20 00:00:00,15.240000000000036,30.47999999999989,30.47999999999989,30.47999999999989,48.25999999999996,0.33799999999999997,-999999,0.193,0.282,-999999,6.67,-999999,11.11,12.78,-999999
77,Little Grassy,583,SNTL,1848.612,37.48631,-113.84582,-999999,15.88888888888889,2017-09-20 00:00:00,0.0,0.0,0.0,0.0,2.540000000000036,0.126,-999999,0.198,0.16399999999999998,-999999,16.67,-999999,17.78,17.22,-999999
78,Lonesome Beaver,1261,SNTL,2868.168,38.07,-110.77241,-999999,9.000000000000002,2017-09-20 00:00:00,0.0,0.0,0.0,0.0,0.0,0.233,-999999,0.11,0.078,-999999,9.44,-999999,11.11,10.56,-999999
79,Long Flat,592,SNTL,2432.9136000000003,37.51255,-113.39661,-999999,11.722222222222221,2017-09-20 00:00:00,0.0,0.0,0.0,0.0,2.540000000000036,0.085,-999999,0.067,0.094,-999999,12.22,-999999,16.11,14.44,-999999
80,Long Valley Jct,593,SNTL,2275.3320000000003,37.48756,-112.51458,-999999,7.777777777777778,2017-09-20 00:00:00,0.0,0.0,0.0,0.0,0.0,0.124,-999999,0.151,0.11,-999999,13.89,-999999,15.56,16.67,-999999
81,Lookout Peak,596,SNTL,2487.4728,40.83731,-111.70965,-999999,1.1111111111111112,2017-09-20 00:00:00,7.619999999999927,7.619999999999927,7.619999999999927,7.619999999999927,43.179999999999886,0.156,-999999,0.044000000000000004,0.023,-999999,5.56,-999999,7.22,8.33,-999999
82,Lost Creek Resv,1118,SNTL,1853.7936000000002,41.22155,-111.35947,-999999,0.2777777777777778,2017-09-20 00:00:00,7.620000000000018,10.160000000000053,10.160000000000053,10.160000000000053,17.77999999999998,0.084,-999999,0.213,0.16,-999999,10.56,-999999,11.11,11.67,-999999
83,Louis Meadow,972,SNTL,2042.16,40.83033,-111.76457,1.162304,1.7777777777777795,2017-09-20 00:00:00,2.540000000000036,2.540000000000036,2.540000000000036,5.080000000000072,40.640000000000036,0.09300000000000001,-999999,0.057999999999999996,0.054000000000000006,-999999,10.56,-999999,11.67,11.11,-999999
84,Mammoth-Cottonwood,612,SNTL,2654.5032,39.68338,-111.31818,-999999,1.1111111111111112,2017-09-20 00:00:00,0.0,2.540000000000036,5.079999999999892,7.619999999999927,35.55999999999996,0.3,-999999,0.32299999999999995,0.23800000000000002,-999999,4.44,-999999,9.44,11.11,-999999
85,Merchant Valley,621,SNTL,2653.284,38.30285,-112.43637,-999999,8.38888888888889,2017-09-20 00:00:00,0.0,0.0,0.0,0.0,12.7,0.35600000000000004,-999999,0.063,0.001,-999999,6.67,-999999,7.22,8.33,-999999
86,Midway Valley,626,SNTL,2995.2696,37.56933,-112.83849,-999999,5.222222222222221,2017-09-20 00:00:00,0.0,0.0,0.0,0.0,0.0,0.24600000000000002,-999999,0.22,0.305,-999999,7.22,-999999,10.0,9.44,-999999
87,Mill-D North,628,SNTL,2731.9224,40.65883,-111.63683,-999999,1.5000000000000016,2017-09-20 00:00:00,15.240000000000036,15.240000000000036,15.240000000000036,15.240000000000036,43.18000000000007,0.193,-999999,0.022000000000000002,0.04,-999999,3.33,-999999,8.33,9.44,-999999
88,Mining Fork,631,SNTL,2528.3160000000003,40.49384,-112.61141,-999999,1.7777777777777795,2017-09-20 00:00:00,0.0,0.0,0.0,2.5399999999998553,7.619999999999927,0.073,-999999,0.11,0.048,-999999,5.56,-999999,8.33,8.89,-999999
89,Monte Cristo,634,SNTL,2722.4736000000003,41.46547,-111.49688,-999999,-1.6111111111111103,2017-09-20 00:00:00,25.4,38.099999999999994,38.099999999999994,38.099999999999994,48.25999999999996,0.298,-999999,0.324,0.035,-999999,2.78,-999999,5.56,6.67,-999999
90,Mosby Mtn.,643,SNTL,2911.7544000000003,40.60798,-109.8881,-999999,1.5000000000000016,2017-09-20 00:00:00,0.0,0.0,0.0,2.540000000000036,17.780000000000072,0.11699999999999999,-999999,0.083,0.122,-999999,6.67,-999999,7.78,8.33,-999999
91,Mt Baldy,1224,SNTL,2902.9152000000004,39.13648,-111.50527,-999999,2.3888888888888875,2017-09-20 00:00:00,0.0,0.0,2.540000000000036,2.540000000000036,22.859999999999964,0.253,-999999,0.23800000000000002,0.222,-999999,8.33,-999999,8.89,9.44,-999999
92,Mt Pennell,1269,SNTL,2806.9032,37.97793,-110.7933,-999999,8.88888888888889,2017-09-20 00:00:00,0.0,0.0,0.0,0.0,0.0,0.084,-999999,0.122,0.059000000000000004,-999999,7.78,-999999,9.44,10.0,-999999
93,Oak Creek,1146,SNTL,2392.6800000000003,39.3485,-112.32639,-999999,7.3888888888888875,2017-09-20 00:00:00,5.079999999999981,7.620000000000018,7.620000000000018,7.620000000000018,20.320000000000018,0.18899999999999997,-999999,0.047,0.087,-999999,6.11,-999999,11.67,13.33,-999999
94,Panguitch Lake RS,1148,SNTL,2545.08,37.70463,-112.65037,-999999,10.61111111111111,2017-09-20 00:00:00,0.0,0.0,0.0,0.0,0.0,0.317,-999999,0.319,0.40399999999999997,-999999,11.11,-999999,12.78,12.22,-999999
95,Parleys Summit,684,SNTL,2311.908,40.76184,-111.62917,-999999,3.111111111111112,2017-09-20 00:00:00,15.240000000000036,20.319999999999926,20.319999999999926,20.319999999999926,66.04000000000003,0.32,-999999,0.381,0.258,-999999,5.56,-999999,11.11,13.89,-999999
96,Parleys Upper,856,SNTL,2545.9944,40.70194,-111.60619,-999999,-999999,2017-09-20 00:00:00,-999999,-999999,-999999,-999999,-999999,-999999,-999999,-999999,-999999,-999999,-999999,-999999,-999999,-999999,-999999
97,Parrish Creek,971,SNTL,2359.152,40.93417,-111.81372,-999999,1.7777777777777795,2017-09-20 00:00:00,10.159999999999963,12.7,12.7,12.7,38.099999999999994,0.065,-999999,0.079,0.154,-999999,7.22,-999999,8.33,8.89,-999999
98,Payson R.S.,686,SNTL,2451.8112,39.92976,-111.63109,-999999,2.6111111111111125,2017-09-20 00:00:00,0.0,0.0,0.0,0.0,22.859999999999964,0.287,-999999,0.268,0.185,-999999,10.0,-999999,12.22,13.33,-999999
99,Pickle Keg,691,SNTL,2749.2960000000003,39.01219,-111.58259,-999999,4.8888888888888875,2017-09-20 00:00:00,0.0,0.0,0.0,2.539999999999946,20.320000000000018,0.188,-999999,0.273,0.196,-999999,9.44,-999999,11.11,11.11,-999999
100,Pine Creek,694,SNTL,2662.1232,38.88185,-112.24915,-999999,7.777777777777778,2017-09-20 00:00:00,0.0,2.540000000000036,7.619999999999927,7.619999999999927,33.019999999999925,0.226,-999999,0.22399999999999998,0.053,-999999,6.67,-999999,10.0,11.67,-999999
101,Red Pine Ridge,714,SNTL,2739.5424000000003,39.45197,-111.27221,-999999,-0.4999999999999992,2017-09-20 00:00:00,0.0,0.0,0.0,2.5399999999998553,20.319999999999926,0.314,-999999,0.27,0.27899999999999997,-999999,7.22,-999999,11.11,11.11,-999999
102,Redden Mine Lwr,1225,SNTL,2600.5536,40.67505,-111.21765,-999999,0.11111111111111269,2017-09-20 00:00:00,5.079999999999892,5.079999999999892,5.079999999999892,7.619999999999927,35.55999999999996,0.135,-999999,0.245,0.0,-999999,5.56,-999999,7.78,9.44,-999999
103,Rees Flat,1217,SNTL,2196.3888,39.49667,-111.72508,-999999,0.4999999999999992,2017-09-20 00:00:00,0.0,0.0,0.0,0.0,25.4,0.237,-999999,0.14400000000000002,0.017,-999999,7.78,-999999,10.56,11.67,-999999
104,Rock Creek,720,SNTL,2403.6528000000003,40.54875,-110.69292,-999999,2.2222222222222223,2017-09-20 00:00:00,5.079999999999981,5.079999999999981,5.079999999999981,5.079999999999981,12.7,0.11599999999999999,-999999,0.059000000000000004,0.034,-999999,5.0,-999999,8.33,10.0,-999999
105,Rocky Basin-Settleme,723,SNTL,2652.9792,40.44293,-112.22377,-999999,0.777777777777777,2017-09-20 00:00:00,10.160000000000144,10.160000000000144,10.160000000000144,10.160000000000144,12.7,0.193,-999999,0.063,0.006999999999999999,-999999,5.56,-999999,7.78,8.33,-999999
106,Santaquin Meadows,1280,SNTL,2388.108,39.92076,-111.71802,-999999,0.38888888888889045,2017-09-20 00:00:00,0.0,2.5399999999998553,2.5399999999998553,2.5399999999998553,20.319999999999926,0.156,-999999,0.15,0.028999999999999998,-999999,9.44,-999999,12.78,13.89,-999999
107,Seeley Creek,742,SNTL,3018.7392,39.31042,-111.43297,5.6327039999999995,3.2222222222222205,2017-09-20 00:00:00,0.0,0.0,0.0,0.0,20.320000000000018,0.231,-999999,0.156,0.046,-999999,5.56,-999999,8.33,8.89,-999999
108,Smith  Morehouse,763,SNTL,2325.9288,40.78931,-111.09192,-999999,0.777777777777777,2017-09-20 00:00:00,17.77999999999998,17.77999999999998,17.77999999999998,20.320000000000018,35.56000000000005,0.27699999999999997,-999999,0.158,0.062,-999999,5.56,-999999,8.33,10.0,-999999
109,Snowbird,766,SNTL,2797.1496,40.56914,-111.65852,-999999,2.999999999999999,2017-09-20 00:00:00,15.239999999999855,15.239999999999855,15.239999999999855,22.859999999999964,53.339999999999854,0.14,-999999,0.261,0.08,-999999,1.67,-999999,5.56,9.44,-999999
110,Spirit Lk,1117,SNTL,3119.628,40.83868,-110.00527,-999999,0.4999999999999992,2017-09-20 00:00:00,0.0,2.540000000000036,5.079999999999981,5.079999999999981,7.620000000000018,0.336,-999999,0.213,0.14300000000000002,-999999,4.44,-999999,6.11,6.67,-999999
111,Steel Creek Park,790,SNTL,3096.1584000000003,40.90862,-110.50462,-999999,-1.7777777777777775,2017-09-20 00:00:00,17.77999999999989,17.77999999999989,17.77999999999989,20.319999999999926,33.019999999999925,0.374,-999999,0.355,0.267,-999999,2.78,-999999,3.89,5.0,-999999
112,Strawberry Divide,795,SNTL,2475.8904,40.16483,-111.20665,-999999,2.3888888888888875,2017-09-20 00:00:00,0.0,0.0,0.0,0.0,17.77999999999989,0.12300000000000001,-999999,0.0,0.028999999999999998,-999999,5.0,-999999,10.0,10.56,-999999
113,Sunflower Flat,1249,SNTL,3053.4864000000002,38.048,-111.33981,-999999,4.722222222222222,2017-09-20 00:00:00,0.0,0.0,0.0,0.0,0.0,0.212,-999999,0.091,0.12300000000000001,-999999,3.33,-999999,6.67,6.67,-999999
114,Suu Ranch,1248,SNTL,2453.6400000000003,37.59711,-112.92949,-999999,10.88888888888889,2017-09-20 00:00:00,0.0,2.540000000000036,2.540000000000036,2.540000000000036,2.540000000000036,0.106,-999999,0.22899999999999998,0.335,-999999,9.44,-999999,10.56,11.11,-999999
115,Takka Wiiya,1247,SNTL,2780.3856,39.74104,-113.98262,-999999,3.7222222222222237,2017-09-20 00:00:00,2.540000000000036,2.540000000000036,2.540000000000036,2.540000000000036,2.540000000000036,0.021,-999999,0.047,0.105,-999999,8.33,-999999,11.67,11.67,-999999
116,Temple Fork,1013,SNTL,2257.3488,41.793,-111.54605,-999999,0.38888888888889045,2017-09-20 00:00:00,10.159999999999963,20.319999999999926,20.319999999999926,20.319999999999926,25.4,0.235,-999999,0.161,0.06,-999999,8.33,-999999,8.89,9.44,-999999
117,Thaynes Canyon,814,SNTL,2813.304,40.6235,-111.53322,-999999,0.777777777777777,2017-09-20 00:00:00,17.77999999999989,40.640000000000036,40.640000000000036,40.640000000000036,60.95999999999996,0.046,-999999,0.051,0.09,-999999,5.0,-999999,7.22,8.89,-999999
118,Thistle Flat,1226,SNTL,2678.2776000000003,39.23803,-111.51998,-999999,3.277777777777777,2017-09-20 00:00:00,0.0,0.0,0.0,0.0,30.47999999999998,0.364,-999999,0.278,0.35,-999999,12.22,-999999,12.22,12.22,-999999
119,Timberline,1097,SNTL,2662.7328,39.67712,-110.43395,-999999,2.5,2017-09-20 00:00:00,0.0,0.0,0.0,0.0,12.7,0.27399999999999997,-999999,0.215,0.218,-999999,10.0,-999999,11.11,11.67,-999999
120,Timpanogos Divide,820,SNTL,2481.072,40.42817,-111.61633,-999999,0.9999999999999984,2017-09-20 00:00:00,2.540000000000036,2.540000000000036,2.540000000000036,2.540000000000036,27.940000000000033,0.09,-999999,0.095,0.042,-999999,7.78,-999999,9.44,10.0,-999999
121,Tony Grove Lake,823,SNTL,2582.8752,41.89833,-111.62957,-999999,-1.0000000000000004,2017-09-20 00:00:00,30.48000000000007,50.8,50.8,50.8,58.41999999999992,0.28,-999999,0.314,0.121,-999999,4.44,-999999,6.11,8.89,-999999
122,Tony Grove RS,1113,SNTL,1929.9936,41.88573,-111.56918,-999999,-0.6111111111111119,2017-09-20 00:00:00,17.77999999999989,22.859999999999964,22.859999999999964,22.859999999999964,27.940000000000033,0.172,-999999,0.08800000000000001,0.049,-999999,7.78,-999999,11.67,12.78,-999999
123,Trial Lake,828,SNTL,3045.5616,40.678,-110.94873,-999999,-2.8888888888888884,2017-09-20 00:00:00,17.780000000000072,17.780000000000072,17.780000000000072,25.4,45.720000000000105,0.078,-999999,0.107,0.315,-999999,3.33,-999999,4.44,6.11,-999999
124,Trout Creek,833,SNTL,2901.0864,40.739,-109.6728,-999999,2.8888888888888906,2017-09-20 00:00:00,0.0,0.0,0.0,2.540000000000036,12.7,0.11599999999999999,-999999,0.183,0.237,-999999,4.44,-999999,6.67,8.33,-999999
125,Upper Joes Valley,1227,SNTL,2620.0608,39.4155,-111.2491,-999999,1.2222222222222239,2017-09-20 00:00:00,0.0,0.0,0.0,2.539999999999946,15.239999999999945,0.149,-999999,0.149,0.076,-999999,6.67,-999999,8.89,9.44,-999999
126,Usu Doc Daniel,1098,SNTL,2520.696,41.86425,-111.50603,-999999,-2.3888888888888893,2017-09-20 00:00:00,17.780000000000072,25.4,25.4,27.940000000000214,30.48000000000007,0.22899999999999998,0.054000000000000006,0.107,0.07400000000000001,0.391,3.33,5.56,8.33,10.0,10.56
127,Vernon Creek,844,SNTL,2255.8248000000003,39.93667,-112.41478,-999999,1.2222222222222239,2017-09-20 00:00:00,0.0,0.0,0.0,0.0,7.619999999999927,0.013000000000000001,-999999,0.051,0.0,-999999,8.33,-999999,10.56,10.56,-999999
128,Webster Flat,853,SNTL,2805.0744,37.575,-112.90155,-999999,6.611111111111111,2017-09-20 00:00:00,0.0,0.0,0.0,0.0,0.0,0.2,-999999,0.174,0.039,-999999,10.0,-999999,10.0,10.0,-999999
129,White River #1,864,SNTL,2633.7768,39.9645,-110.98845,-999999,0.11111111111111269,2017-09-20 00:00:00,0.0,0.0,2.539999999999946,2.539999999999946,20.320000000000018,0.139,-999999,0.063,0.287,-999999,9.44,-999999,11.67,10.56,-999999
130,Widtsoe #3,865,SNTL,2938.272,37.83633,-111.88163,-999999,6.7777777777777795,2017-09-20 00:00:00,0.0,0.0,0.0,2.539999999999946,5.079999999999981,0.298,-999999,0.121,0.027000000000000003,-999999,7.22,-999999,8.89,8.33,-999999
131,Wrigley Creek,1228,SNTL,2842.8696,39.13233,-111.35685,-999999,5.499999999999999,2017-09-20 00:00:00,0.0,0.0,0.0,0.0,20.319999999999926,0.373,-999999,0.29600000000000004,0.315,-999999,3.89,-999999,6.67,8.33,-999999
132,Yankee Reservoir,1197,SNTL,2649.3216,37.74797,-112.77495,-999999,10.222222222222221,2017-09-20 00:00:00,0.0,0.0,0.0,0.0,0.0,0.17,-999999,0.233,0.188,-999999,10.56,-999999,12.22,12.22,-999999
133,Alkali Mesa,2138,SCAN,1964.4360000000001,37.67455,-109.36429,2.2352,14.277777777777779,2017-09-20 00:00:00,0.0,0.0,0.0,0.0,0.0,0.048,0.054000000000000006,0.14300000000000002,0.165,0.166,17.78,18.33,21.11,21.11,21.11
134,Blue Creek,2135,SCAN,1578.5592000000001,41.93531,-112.4336,1.1176,5.1111111111111125,2017-09-20 00:00:00,2.2859999999999965,9.651999999999974,9.651999999999974,9.651999999999974,11.176000000000032,0.28,0.267,0.196,0.21100000000000002,0.18600000000000003,10.56,11.11,15.56,17.78,18.33
135,Buffalo Jump,2151,SCAN,2036.6736,41.34363,-111.18798,1.922272,2.000000000000001,2017-09-20 00:00:00,6.603999999999994,7.365999999999978,7.365999999999978,7.619999999999973,18.541999999999966,0.151,0.085,0.076,0.078,-999999,10.56,11.67,12.78,14.44,-999999
136,Cache Junction,2136,SCAN,1348.74,41.81568,-111.98043,0.9387840000000001,2.000000000000001,2017-09-20 00:00:00,11.68399999999993,16.001999999999974,16.001999999999974,16.001999999999974,18.54199999999992,0.156,0.214,0.27899999999999997,0.36700000000000005,0.39,13.89,16.11,17.22,17.78,18.33
137,Cave Valley,2161,SCAN,1912.0104000000001,37.35524,-113.12341,1.385824,6.111111111111111,2017-09-20 00:00:00,0.0,0.0,0.0,0.0,0.0,0.022000000000000002,0.057999999999999996,0.063,0.013000000000000001,0.006,15.0,16.11,18.33,18.89,18.89
138,Chicken Ridge,2150,SCAN,2331.4152,41.33136,-111.3036,2.2799039999999997,0.38888888888889045,2017-09-20 00:00:00,16.256000000000057,19.050000000000043,19.050000000000043,20.574000000000055,42.164000000000044,0.159,0.183,0.125,0.10800000000000001,0.099,7.22,8.89,9.44,12.22,12.78
139,Circleville,2125,SCAN,1865.3760000000002,38.15133,-112.25122,3.039872,13.11111111111111,2017-09-20 00:00:00,0.0,0.0,0.0,0.0,1.270000000000018,0.147,0.146,0.079,0.121,0.157,14.44,17.78,17.78,17.22,17.22
140,Dugway,2167,SCAN,1314.9072,40.16591,-113.02007,1.56464,7.222222222222222,2017-09-20 00:00:00,0.0,0.0,0.0,0.0,1.52399999999999,-999999,-999999,-999999,-999999,-999999,20.56,22.22,23.89,23.89,23.33
141,Eastland,2130,SCAN,2083.9176,37.77853,-109.17193,2.101088,12.5,2017-09-20 00:00:00,0.0,0.0,0.0,0.0,0.0,0.061,0.09,0.102,0.228,0.203,17.22,18.33,18.89,18.33,18.33
142,Enterprise,2128,SCAN,1600.2,37.63343,-113.64324,1.922272,13.777777777777777,2017-09-20 00:00:00,0.0,0.0,0.0,0.0,1.270000000000018,0.078,0.255,0.223,0.145,0.155,16.67,20.56,21.11,20.56,20.56
143,Ephraim,2126,SCAN,1685.8488,39.36798,-111.57803,0.67056,4.388888888888888,2017-09-20 00:00:00,0.0,0.0,0.25399999999999456,0.25399999999999456,13.207999999999988,0.12,0.272,0.20199999999999999,0.24600000000000002,0.252,11.11,15.56,16.11,17.22,17.22
144,Goshute,2165,SCAN,1672.4376,39.99003,-114.00025,2.548128,3.277777777777777,2017-09-20 00:00:00,0.0,0.0,0.0,0.0,0.25399999999999456,0.113,-999999,-999999,-999999,-999999,12.22,16.67,18.89,18.33,18.89
145,Grantsville,2152,SCAN,1321.9176,40.59089,-112.39258,1.654048,6.611111111111111,2017-09-20 00:00:00,1.5240000000000125,1.5240000000000125,1.5240000000000125,1.5240000000000125,15.748000000000024,0.062,-999999,-999999,-999999,-999999,14.44,19.44,21.11,22.78,22.22
146,Green River,2131,SCAN,1250.5944,39.01825,-110.16264,1.385824,16.27777777777778,2017-09-20 00:00:00,0.0,0.0,0.0,0.0,11.684,0.213,0.133,0.076,0.066,0.09,18.33,19.44,20.56,21.67,23.33
147,Grouse Creek,2160,SCAN,1778.508,41.77846,-113.82048,1.609344,-0.8888888888888897,2017-09-20 00:00:00,1.270000000000018,1.270000000000018,1.270000000000018,1.270000000000018,2.032000000000002,0.045,0.073,0.10300000000000001,0.16,0.161,9.44,13.33,15.56,16.67,17.78
148,Hals Canyon,2164,SCAN,1603.248,38.59445,-113.75102,3.3528,12.111111111111109,2017-09-20 00:00:00,0.0,0.0,0.0,0.0,0.25400000000001716,-999999,0.091,0.094,-999999,0.099,-999999,20.0,21.67,-999999,21.11
149,Harms Way,2166,SCAN,2150.364,38.31347,-109.23998,2.6375360000000003,12.722222222222221,2017-09-20 00:00:00,0.0,0.0,0.0,0.0,0.25399999999999456,0.075,0.127,0.13,0.134,0.066,15.56,16.67,18.33,17.78,17.78
150,Holden,2127,SCAN,1446.276,39.19216,-112.40155,1.56464,6.388888888888889,2017-09-20 00:00:00,0.0,0.0,0.0,0.25399999999999456,10.667999999999997,0.08800000000000001,0.09699999999999999,0.067,0.121,0.127,17.22,17.78,19.44,20.56,22.22
151,Little Red Fox,2155,SCAN,1644.3960000000002,40.17957,-110.30464,1.296416,8.88888888888889,2017-09-20 00:00:00,0.0,0.0,2.2859999999999965,2.2859999999999965,9.143999999999986,0.175,0.127,0.17600000000000002,0.218,0.19899999999999998,12.78,15.0,15.56,16.67,17.22
152,Manderfield,2156,SCAN,1885.188,38.36649,-112.64291,0.715264,9.000000000000002,2017-09-20 00:00:00,0.0,0.0,0.0,0.0,6.858000000000034,0.17600000000000002,0.162,0.141,0.115,0.063,12.78,16.11,16.67,16.67,16.67
153,Mccracken Mesa,2140,SCAN,1620.0120000000002,37.44671,-109.33776,1.1176,15.61111111111111,2017-09-20 00:00:00,0.0,0.0,0.0,0.0,0.25399999999999456,0.11900000000000001,0.109,0.127,0.17300000000000001,0.159,17.22,21.11,22.22,22.22,22.78
154,Milford,2129,SCAN,1525.5240000000001,38.34196,-113.01053,1.8775680000000001,9.611111111111109,2017-09-20 00:00:00,0.0,0.0,0.0,0.0,9.143999999999986,0.215,0.281,0.11599999999999999,0.3,0.076,16.11,18.33,19.44,19.44,20.56
155,Morgan,2133,SCAN,1558.4424000000001,40.9999,-111.68555,0.44704,1.722222222222223,2017-09-20 00:00:00,7.365999999999978,14.224000000000057,14.224000000000057,14.478000000000007,24.63800000000006,0.2,0.22899999999999998,0.262,0.29600000000000004,0.20199999999999999,11.67,12.78,15.56,17.22,17.22
156,Mountain Home,2134,SCAN,2111.3496,40.37263,-110.40602,2.2352,6.888888888888888,2017-09-20 00:00:00,0.0,0.0,0.0,0.25399999999999456,6.603999999999994,0.059000000000000004,0.10099999999999999,0.14,0.124,0.162,10.56,15.0,16.67,15.56,16.67
157,Nephi,2137,SCAN,1598.6760000000002,39.64554,-111.87044,0.9387840000000001,7.277777777777778,2017-09-20 00:00:00,0.0,0.0,0.0,0.0,18.287999999999972,0.222,0.218,0.129,0.073,0.067,16.67,17.22,18.33,19.44,20.0
158,Panguitch,2157,SCAN,1991.5632,37.86975,-112.43437,1.4752319999999999,6.500000000000002,2017-09-20 00:00:00,0.0,0.0,0.0,0.25399999999999456,3.04799999999998,0.099,0.275,0.126,0.191,0.36200000000000004,11.67,12.78,12.22,12.78,12.78
159,Park Valley,2153,SCAN,1553.8704,41.77318,-113.28596,2.101088,-0.4999999999999992,2017-09-20 00:00:00,0.0,0.0,0.0,0.0,2.2859999999999965,0.017,0.036000000000000004,0.019,-999999,-999999,11.11,14.44,18.33,19.44,20.56
160,Price,2132,SCAN,1718.1576,39.53288,-110.80604,5.9009279999999995,11.11111111111111,2017-09-20 00:00:00,0.0,0.0,0.0,0.0,7.1120000000000285,0.06,0.18100000000000002,0.168,0.18899999999999997,0.249,15.56,17.78,19.44,20.56,21.11
161,Sand Hollow,2159,SCAN,941.2224,37.10516,-113.35615,3.933952,22.22222222222222,2017-09-20 00:00:00,0.0,0.0,0.0,0.0,0.25399999999999456,0.047,0.057999999999999996,0.06,0.021,0.006,24.44,25.0,26.67,26.11,25.56
162,Split Mountain,2154,SCAN,1476.4512,40.39136,-109.35326,1.251712,9.5,2017-09-20 00:00:00,0.0,0.0,0.0,0.25399999999999456,9.398000000000001,0.065,0.10400000000000001,0.083,0.132,0.162,13.89,16.67,18.33,20.56,21.67
163,Spooky,2158,SCAN,1627.9368000000002,37.51468,-111.26189,5.543296,19.61111111111111,2017-09-20 00:00:00,0.0,0.0,0.0,0.0,0.25399999999999456,0.027999999999999997,0.016,0.02,0.055999999999999994,0.019,21.11,21.67,23.33,22.22,21.67
164,Tule Valley,2163,SCAN,1399.6416000000002,39.23724,-113.45866,1.78816,9.888888888888888,2017-09-20 00:00:00,0.0,0.0,0.0,0.0,0.7620000000000062,0.098,0.083,0.18100000000000002,0.11800000000000001,0.077,15.56,22.22,25.0,24.44,25.0
165,Vermillion,2162,SCAN,1948.2816,37.19061,-112.19252,1.028192,12.888888888888891,2017-09-20 00:00:00,0.0,0.0,0.0,0.0,0.2540000000000397,0.0,0.013000000000000001,0.023,0.040999999999999995,0.09,12.22,15.0,17.22,16.67,16.67
166,West Summit,2139,SCAN,2131.4664000000002,38.01394,-109.12745,3.3975039999999996,13.11111111111111,2017-09-20 00:00:00,0.0,0.0,0.0,0.0,0.25399999999999456,0.12300000000000001,0.142,0.149,0.21100000000000002,0.19399999999999998,12.22,14.44,17.78,17.78,17.22
167,Duchesne,1266800,UAGRIMET,1662.0744000000002,40.1807,-110.36,1.251712,12.894444444444446,2017-09-20 00:00:00,0.0,0.0,0.0,0.0,0.0,-999999,-999999,-999999,-999999,-999999,-999999,-999999,-999999,-999999,-999999
168,Sutherland,1266799,UAGRIMET,1394.46,39.4507,-112.638,3.531616,15.205555555555556,2017-09-20 00:00:00,0.0,0.0,0.0,0.0,0.0,-999999,-999999,-999999,-999999,-999999,-999999,-999999,-999999,-999999,-999999
169,Orangeville,1266804,UAGRIMET,1720.596,39.2201,-111.07,1.8328639999999998,14.949999999999998,2017-09-20 00:00:00,0.0,0.0,0.0,0.0,0.0,-999999,-999999,-999999,-999999,-999999,-999999,-999999,-999999,-999999,-999999
170,Elmo,1266805,UAGRIMET,1712.6712,39.4213,-110.838,2.548128,15.32777777777778,2017-09-20 00:00:00,0.0,0.0,0.0,0.0,0.0,-999999,-999999,-999999,-999999,-999999,-999999,-999999,-999999,-999999,-999999
171,Huntington,1266806,UAGRIMET,1756.5624,39.307,-110.977,1.8328639999999998,14.377777777777778,2017-09-20 00:00:00,0.508,0.762,1.016,1.016,1.016,-999999,-999999,-999999,-999999,-999999,-999999,-999999,-999999,-999999,-999999
172,Ferron,1266807,UAGRIMET,1835.2008,39.0756,-111.154,2.548128,15.13888888888889,2017-09-20 00:00:00,0.0,0.0,0.0,0.254,0.254,-999999,-999999,-999999,-999999,-999999,-999999,-999999,-999999,-999999,-999999
173,PelicanLake,1266808,UAGRIMET,1468.8312,40.1814,-109.668,1.207008,14.788888888888888,2017-09-20 00:00:00,0.0,0.0,0.0,0.508,0.508,-999999,-999999,-999999,-999999,-999999,-999999,-999999,-999999,-999999,-999999
174,PleasantValley,1266809,UAGRIMET,1627.632,40.162,-110.107,1.4752319999999999,11.688888888888888,2017-09-20 00:00:00,0.0,0.254,0.254,0.508,0.508,-999999,-999999,-999999,-999999,-999999,-999999,-999999,-999999,-999999,-999999
175,Grantsville,1266810,UAGRIMET,1330.452,40.5311,-112.757,3.621024,13.644444444444446,2017-09-20 00:00:00,0.0,0.254,0.254,0.254,0.254,-999999,-999999,-999999,-999999,-999999,-999999,-999999,-999999,-999999,-999999
176,SanPete,1266811,UAGRIMET,1755.6480000000001,39.5433,-111.482,1.966976,11.755555555555553,2017-09-20 00:00:00,0.254,0.254,0.762,1.016,1.016,-999999,-999999,-999999,-999999,-999999,-999999,-999999,-999999,-999999,-999999
177,Monroe,1266812,UAGRIMET,1606.9056,38.6341,-112.158,2.2799039999999997,14.511111111111111,2017-09-20 00:00:00,0.508,0.508,0.508,0.508,0.508,-999999,-999999,-999999,-999999,-999999,-999999,-999999,-999999,-999999,-999999
178,CastleValley,1266813,UAGRIMET,1379.8296,38.6479,-109.399,1.6987519999999998,20.416666666666668,2017-09-20 00:00:00,0.0,0.0,0.0,0.0,0.0,-999999,-999999,-999999,-999999,-999999,-999999,-999999,-999999,-999999,-999999
179,Tropic,1266814,UAGRIMET,1904.0856,37.6303,-112.043,2.771648,14.544444444444444,2017-09-20 00:00:00,0.508,0.508,0.508,0.508,0.508,-999999,-999999,-999999,-999999,-999999,-999999,-999999,-999999,-999999,-999999
180,Scipio,1266815,UAGRIMET,1634.6424000000002,39.2281,-112.099,2.995168,14.822222222222223,2017-09-20 00:00:00,0.0,0.0,0.0,1.27,1.27,-999999,-999999,-999999,-999999,-999999,-999999,-999999,-999999,-999999,-999999
181,Tropic - Kodachrome Basin,1262314,UCRN,1796.796,37.5174,-111.978,2.7001216,18.000000000000004,2017-09-20 00:00:00,0.0,0.0,0.0,0.0,0.0,-999999,-999999,-999999,-999999,-999999,-999999,-999999,-999999,-999999,-999999
182,Manila - Dutch John,1262315,UCRN,2001.3168,40.9225,-109.39,3.70015008,10.944444444444446,2017-09-20 00:00:00,0.0,5.0038,5.0038,5.0038,5.0038,-999999,-999999,-999999,-999999,-999999,-999999,-999999,-999999,-999999,-999999
183,Beaver - Big Flat NFS,1262317,UCRN,3049.8288000000002,38.2861,-112.361,4.30007776,7.166666666666667,2017-09-20 00:00:00,0.0,0.0,0.0,0.0,0.0,-999999,-999999,-999999,-999999,-999999,-999999,-999999,-999999,-999999,-999999
184,Grantsville - Muskrat BLM,1262316,UCRN,1399.9464,40.636,-112.677,4.00011392,15.777777777777779,2017-09-20 00:00:00,0.0,0.4064,0.6095999999999999,0.6095999999999999,0.6095999999999999,-999999,-999999,-999999,-999999,-999999,-999999,-999999,-999999,-999999,-999999
185,Provo - Hub Guard Station,1262318,UCRN,2379.8784,40.2816,-111.24,1.4998192,7.277777777777778,2017-09-20 00:00:00,0.0,2.6923999999999997,2.6923999999999997,2.6923999999999997,2.6923999999999997,-999999,-999999,-999999,-999999,-999999,-999999,-999999,-999999,-999999,-999999
186,Bluff - Natural Bridges NM,1262319,UCRN,1959.2544,37.601,-109.989,1.40012928,18.5,2017-09-20 00:00:00,0.0,0.0,0.0,0.0,0.0,-999999,-999999,-999999,-999999,-999999,-999999,-999999,-999999,-999999,-999999
187,Mexican Hat - Muley Point,1262320,UCRN,1939.7472,37.2507,-109.988,3.89997696,19.66666666666667,2017-09-20 00:00:00,0.0,0.0,0.0,0.0,0.0,-999999,-999999,-999999,-999999,-999999,-999999,-999999,-999999,-999999,-999999
188,Monticello - Indian Creek,1262321,UCRN,1531.6200000000001,38.1402,-109.617,3.6000131200000003,22.38888888888889,2017-09-20 00:00:00,0.0,0.0,0.0,0.0,0.0,-999999,-999999,-999999,-999999,-999999,-999999,-999999,-999999,-999999,-999999
189,Price - Carbon County Airport,1262322,UCRN,1770.2784000000001,39.6071,-110.751,2.10019392,16.055555555555557,2017-09-20 00:00:00,0.0,0.0,0.0,0.508,0.508,-999999,-999999,-999999,-999999,-999999,-999999,-999999,-999999,-999999,-999999
190,Spanish Valley - Island in the Sky,1262323,UCRN,1923.5928000000001,38.3135,-109.854,2.40015776,19.333333333333332,2017-09-20 00:00:00,0.0,0.0,0.0,0.0,0.0,-999999,-999999,-999999,-999999,-999999,-999999,-999999,-999999,-999999,-999999
191,"Blanding - Bluff, Sand Island",1262324,UCRN,1338.0720000000001,37.2667,-109.607,3.00008544,22.88888888888889,2017-09-20 00:00:00,0.0,0.0,0.0,0.0,0.0,-999999,-999999,-999999,-999999,-999999,-999999,-999999,-999999,-999999,-999999
192,Milford - Desert Range Exp. Station,1262325,UCRN,1601.7240000000002,38.5943,-113.751,3.79984,16.555555555555557,2017-09-20 00:00:00,0.0,0.0,0.0,0.0,0.0,-999999,-999999,-999999,-999999,-999999,-999999,-999999,-999999,-999999,-999999
193,Delta - Municipal Airport,1262326,UCRN,1451.1528,39.3872,-112.509,3.79984,16.11111111111111,2017-09-20 00:00:00,0.0,0.0,0.0,0.0,0.0,-999999,-999999,-999999,-999999,-999999,-999999,-999999,-999999,-999999,-999999
194,"Cedar City - Zion NP, Kolob Canyon",1262327,UCRN,1553.2608,37.4572,-113.225,2.3000208,18.72222222222222,2017-09-20 00:00:00,0.0,0.0,0.0,0.0,0.0,-999999,-999999,-999999,-999999,-999999,-999999,-999999,-999999,-999999,-999999
195,Midway - UVU Wasatch Campus,1262328,UCRN,1751.9904000000001,40.5467,-111.414,2.10019392,11.944444444444445,2017-09-20 00:00:00,0.0,3.0987999999999998,3.2003999999999997,3.2003999999999997,3.2003999999999997,-999999,-999999,-999999,-999999,-999999,-999999,-999999,-999999,-999999,-999999
196,Vernal - Ouray,1262329,UCRN,1421.5872000000002,40.1346,-109.643,1.2999923199999999,15.88888888888889,2017-09-20 00:00:00,0.0,0.0,0.0,0.1016,0.1016,-999999,-999999,-999999,-999999,-999999,-999999,-999999,-999999,-999999,-999999
197,Snowville (West),1138081,AGWX,1354.2264,41.9838,-112.912,3.308096,9.333333333333332,2017-09-20 00:00:00,0.254,3.3019999999999996,6.35,6.35,6.35,-999999,-999999,0.07,-999999,-999999,-999999,11.17,13.83,-999999,-999999
198,Buckhorn,1138098,AGWX,1773.9360000000001,38.0399,-112.712,2.771648,14.166666666666666,2017-09-20 00:00:00,0.0,0.0,0.0,0.0,0.0,-999999,-999999,0.18,-999999,-999999,-999999,17.39,16.33,-999999,-999999
199,LBW SouthFork,1231956,AGWX,1552.9560000000001,41.4967,-111.819,2.8163519999999997,11.444444444444445,2017-09-20 00:00:00,0.0,19.304,30.226,30.226,30.226,-999999,-999999,0.29,-999999,-999999,-999999,15.22,17.44,-999999,-999999
200,Birch Springs Draw,1221985,AGWX,1850.1360000000002,40.9904,-109.654,1.430528,11.222222222222223,2017-09-20 00:00:00,0.0,4.826,4.826,4.826,4.826,-999999,-999999,-999999,-999999,-999999,-999999,10.5,-17.78,-999999,-999999
201,Bear Lake,1233757,AGWX,1979.9808,41.9336,-111.42,3.442208,8.61111111111111,2017-09-20 00:00:00,0.0,9.906,17.018,17.018,17.018,-999999,-999999,0.09,-999999,-999999,-999999,13.06,13.72,-999999,-999999
202,Parowan,1138054,AGWX,1758.6960000000001,37.8623,-112.881,3.486912,14.166666666666666,2017-09-20 00:00:00,0.0,0.0,0.0,0.0,0.0,-999999,-999999,0.2,-999999,-999999,-999999,15.22,15.39,-999999,-999999
203,Drainage Farm,1138089,AGWX,1351.788,41.763,-111.879,2.324608,10.5,2017-09-20 00:00:00,0.0,10.16,14.732,14.732,14.732,-999999,-999999,0.14,-999999,-999999,-999999,13.67,14.83,-999999,-999999
204,Clarkston,1259035,AGWX,1505.712,41.8957,-112.048,3.084576,9.722222222222221,2017-09-20 00:00:00,0.0,6.604,8.636,8.636,8.636,-999999,-999999,0.09,-999999,-999999,-999999,14.28,15.33,-999999,-999999
205,Panguitch,1138099,AGWX,1996.44,37.8686,-112.422,3.039872,12.055555555555557,2017-09-20 00:00:00,0.0,0.0,0.0,0.0,0.0,-999999,-999999,0.44,-999999,-999999,-999999,14.22,12.94,-999999,-999999
206,Logan Golf,1138088,AGWX,1465.4784,41.7447,-111.789,3.084576,11.055555555555555,2017-09-20 00:00:00,0.0,13.462,19.304,19.304,19.304,-999999,-999999,0.05,-999999,-999999,-999999,13.22,13.83,-999999,-999999
207,Venice,1138097,AGWX,1598.3712,38.8235,-112,2.2352,13.833333333333334,2017-09-20 00:00:00,0.0,0.0,0.0,0.0,0.254,-999999,-999999,0.1,-999999,-999999,-999999,16.22,15.67,-999999,-999999
208,Canyonlands Research Center,1197507,AGWX,1627.0224,38.0708,-109.567,1.56464,20.500000000000004,2017-09-20 00:00:00,0.0,0.0,0.0,0.0,0.0,-999999,-999999,-999999,-999999,-999999,-999999,22.61,13.78,-999999,-999999
209,Randolph,1138085,AGWX,1909.2672,41.8327,-111.088,2.45872,7.11111111111111,2017-09-20 00:00:00,0.0,12.191999999999998,14.477999999999998,14.477999999999998,14.477999999999998,-999999,-999999,0.14,-999999,-999999,-999999,10.5,11.11,-999999,-999999
210,Corinne,1138092,AGWX,1291.7424,41.5192,-112.174,2.90576,11.666666666666666,2017-09-20 00:00:00,0.0,4.3180000000000005,4.8260000000000005,4.8260000000000005,4.8260000000000005,-999999,-999999,0.14,-999999,-999999,-999999,15.78,15.83,-999999,-999999
211,Vernal,1265822,AGWX,1665.4272,40.4584,-109.562,2.056384,13.499999999999998,2017-09-20 00:00:00,0.0,0.0,0.0,0.0,0.0,-999999,-999999,0.35,-999999,-999999,-999999,14.61,14.72,-999999,-999999
212,Flowell,1138096,AGWX,1443.228,38.9571,-112.42,2.6375360000000003,14.055555555555554,2017-09-20 00:00:00,0.0,0.0,0.0,0.0,0.0,-999999,-999999,0.07,-999999,-999999,-999999,16.56,17.89,-999999,-999999
213,Blue Creek,1138083,AGWX,1575.816,41.9622,-112.491,2.771648,9.444444444444445,2017-09-20 00:00:00,0.0,5.08,9.652,9.652,9.652,-999999,-999999,0.17,-999999,-999999,-999999,12.78,13.28,-999999,-999999
214,LBW Paradise,1231964,AGWX,1481.0232,41.5724,-111.855,2.68224,11.722222222222221,2017-09-20 00:00:00,0.0,17.779999999999998,25.145999999999997,25.145999999999997,25.145999999999997,-999999,-999999,0.15,-999999,-999999,-999999,13.44,14.28,-999999,-999999
215,Murray,1138094,AGWX,1307.592,40.6313,-111.92,2.324608,15.61111111111111,2017-09-20 00:00:00,0.0,2.032,2.032,2.032,2.032,-999999,-999999,0.23,-999999,-999999,-999999,16.28,16.39,-999999,-999999
216,Bluebell,1265823,AGWX,1885.4928,40.3726,-110.209,1.1176,11.444444444444445,2017-09-20 00:00:00,0.0,0.0,0.0,1.016,1.016,-999999,-999999,0.18,-999999,-999999,-999999,14.28,14.39,-999999,-999999
217,Snowville South,1138082,AGWX,1466.6976,41.8663,-112.725,4.068064,10.88888888888889,2017-09-20 00:00:00,0.0,1.778,4.064,4.064,4.064,-999999,-999999,0.09,-999999,-999999,-999999,12.78,14.22,-999999,-999999
218,Evans Farm,1138090,AGWX,1382.268,41.6945,-111.833,1.56464,11.222222222222223,2017-09-20 00:00:00,0.0,8.889999999999999,12.445999999999998,12.445999999999998,12.445999999999998,-999999,-999999,0.11,-999999,-999999,-999999,15.39,16.0,-999999,-999999
219,Hardware Ranch,1138091,AGWX,1695.9072,41.6012,-111.567,1.78816,7.777777777777778,2017-09-20 00:00:00,0.0,10.413999999999998,14.985999999999997,14.985999999999997,14.985999999999997,-999999,-999999,0.23,-999999,-999999,-999999,8.67,7.33,-999999,-999999
220,Tremonton,1138087,AGWX,1320.0888,41.7229,-112.154,2.548128,10.999999999999998,2017-09-20 00:00:00,0.0,3.556,4.064,4.064,4.064,-999999,-999999,0.31,-999999,-999999,-999999,16.56,16.28,-999999,-999999
221,Beryl Junction,1138079,AGWX,1580.9976000000001,37.7196,-113.702,4.872736,17.0,2017-09-20 00:00:00,0.0,0.0,0.0,0.0,0.0,-999999,-999999,0.19,-999999,-999999,-999999,18.44,19.11,-999999,-999999
222,Lewiston,1138084,AGWX,1375.8672000000001,41.9521,-111.869,2.68224,10.055555555555555,2017-09-20 00:00:00,0.0,9.652,15.239999999999998,15.239999999999998,15.239999999999998,-999999,-999999,0.11,-999999,-999999,-999999,13.28,13.94,-999999,-999999
223,LBW ExpFarm,1231953,AGWX,1370.9904000000001,41.6662,-111.891,2.2352,10.777777777777779,2017-09-20 00:00:00,0.0,10.668,18.287999999999997,18.287999999999997,18.287999999999997,-999999,-999999,0.19,-999999,-999999,-999999,15.67,16.44,-999999,-999999
224,Loa,1265824,AGWX,2168.9568,38.3834,-111.636,3.442208,13.61111111111111,2017-09-20 00:00:00,0.0,0.0,0.0,0.0,0.0,-999999,-999999,0.13,-999999,-999999,-999999,-999999,13.44,-999999,-999999
225,Nephi,1138095,AGWX,1524.6096,39.6894,-111.877,3.442208,13.777777777777777,2017-09-20 00:00:00,0.0,0.0,0.0,0.0,0.0,-999999,-999999,0.11,-999999,-999999,-999999,15.78,15.0,-999999,-999999
226,Eagle Lake,1231954,AGWX,1334.1096,41.1668,-112.05,1.8328639999999998,13.88888888888889,2017-09-20 00:00:00,0.0,3.8099999999999996,4.571999999999999,4.571999999999999,4.571999999999999,-999999,-999999,0.38,-999999,-999999,-999999,17.44,0.28,-999999,-999999
227,Spanish Fork,1138093,AGWX,1438.9608,40.0672,-111.629,1.78816,15.833333333333334,2017-09-20 00:00:00,0.0,0.0,0.0,0.0,0.0,-999999,-999999,0.08,-999999,-999999,-999999,16.44,17.33,-999999,-999999
228,Cedar City,1138078,AGWX,1685.2392,37.673,-113.137,4.872736,15.944444444444445,2017-09-20 00:00:00,0.0,0.0,0.0,0.0,0.0,-999999,-999999,0.16,-999999,-999999,-999999,14.11,14.78,-999999,-999999
229,Greenville Farm,1150661,AGWX,1412.748,41.7665,-111.811,1.654048,11.61111111111111,2017-09-20 00:00:00,0.0,11.176,14.732,14.732,14.732,-999999,-999999,0.22,-999999,-999999,-999999,14.33,14.94,-999999,-999999
230,EastFork,1231955,AGWX,1558.1376,41.5355,-111.806,2.8163519999999997,11.777777777777779,2017-09-20 00:00:00,0.0,14.224,22.352,22.352,22.352,-999999,-999999,0.41,-999999,-999999,-999999,12.89,14.33,-999999,-999999
231,Laketown ,1138086,AGWX,1816.3032,41.8379,-111.334,3.308096,9.277777777777779,2017-09-20 00:00:00,0.0,4.064,9.652000000000001,9.652000000000001,9.652000000000001,-999999,-999999,0.15,-999999,-999999,-999999,12.44,12.78,-999999,-999999
232,Green River,1277538,AGWX,1322.832,39.059,-110.091,-999999,-999999,2017-09-20 00:00:00,-999999,-999999,-999999,-999999,-999999,-999999,-999999,-999999,-999999,-999999,-999999,-999999,-999999,-999999,-999999
233,Centerfield,1285709,AGWX,1574.2920000000001,39.0996,-111.808,-999999,-999999,2017-09-20 00:00:00,-999999,-999999,-999999,-999999,-999999,-999999,-999999,-999999,-999999,-999999,-999999,-999999,-999999,-999999,-999999
234,Randolph Center,1293789,AGWX,1914.7536,41.6707,-111.174,-999999,-999999,2017-09-20 00:00:00,-999999,-999999,-999999,-999999,-999999,-999999,-999999,-999999,-999999,-999999,-999999,-999999,-999999,-999999,-999999
235,Cornish,1293791,AGWX,1381.6584,41.9936,-111.967,-999999,-999999,2017-09-20 00:00:00,-999999,-999999,-999999,-999999,-999999,-999999,-999999,-999999,-999999,-999999,-999999,-999999,-999999,-999999,-999999
236,Milford Flat,1293785,AGWX,1543.8120000000001,38.2983,-113.005,-999999,-999999,2017-09-20 00:00:00,-999999,-999999,-999999,-999999,-999999,-999999,-999999,-999999,-999999,-999999,-999999,-999999,-999999,-999999,-999999
237,Manila,1282825,AGWX,1942.7952,40.9831,-109.728,-999999,-999999,2017-09-20 00:00:00,-999999,-999999,-999999,-999999,-999999,-999999,-999999,-999999,-999999,-999999,-999999,-999999,-999999,-999999,-999999
238,EMCNolan,1282580,AGWX,1480.4136,40.3598,-111.978,-999999,-999999,2017-09-20 00:00:00,-999999,-999999,-999999,-999999,-999999,-999999,-999999,-999999,-999999,-999999,-999999,-999999,-999999,-999999,-999999
239,EMCPonyEx,1282583,AGWX,1489.2528,40.313,-112.031,-999999,-999999,2017-09-20 00:00:00,-999999,-999999,-999999,-999999,-999999,-999999,-999999,-999999,-999999,-999999,-999999,-999999,-999999,-999999,-999999
213,USU Environmental Observatory,1279257,USUwx,1460.6016,41.7423,-111.812,-999999,-999999,2017-09-20 00:00:00,-999999,-999999,-999999,-999999,-999999,-999999,-999999,-999999,-999999,-999999,-999999,-999999,-999999,-999999,-999999
213,West Mt. Satellite,24,FGNET,1427.3784,40.0272,-111.788,-999999,-999999,2017-09-20 00:00:00,-999999,-999999,-999999,-999999,-999999,-999999,-999999,-999999,-999999,-999999,-999999,-999999,-999999,-999999,-999999
214,Tintic - South Ridge Farm  ,10,FGNET,1785.8232,39.8724,-112.135,2.9504639999999998,14.38888888888889,2017-09-20 00:00:00,0.0,0.0,0.0,0.0,0.0,-999999,-999999,-999999,-999999,-999999,-999999,-999999,-999999,-999999,-999999
215,Genola South - McMullin,19,FGNET,1436.8272000000002,40.005,-111.82,1.430528,15.055555555555555,2017-09-20 00:00:00,0.0,0.0,0.0,0.0,0.0,-999999,-999999,-999999,-999999,-999999,-999999,-999999,-999999,-999999,-999999
216,Goshen - CHF,15,FGNET,1451.4576000000002,39.9233,-111.883,4.24688,16.72222222222222,2017-09-20 00:00:00,0.0,0.0,0.0,0.0,0.0,-999999,-999999,-999999,-999999,-999999,-999999,-999999,-999999,-999999,-999999
217,Perry - Sumida Farm ,9,FGNET,1327.7088,41.4488,-112.036,2.6375360000000003,13.11111111111111,2017-09-20 00:00:00,0.0,6.604,6.8580000000000005,6.8580000000000005,6.8580000000000005,-999999,-999999,-999999,-999999,-999999,-999999,-999999,-999999,-999999,-999999
218,Leeds - Stirling Farm,18,FGNET,1047.93288,37.2321,-113.352,1.654048,21.888888888888893,2017-09-20 00:00:00,0.0,0.0,0.0,0.0,0.0,-999999,-999999,-999999,-999999,-999999,-999999,-999999,-999999,-999999,-999999
219,Genola - CHF Gala,5,FGNET,1420.3680000000002,40.0367,-111.851,2.1457919999999997,15.222222222222221,2017-09-20 00:00:00,0.0,0.0,0.0,0.0,0.0,-999999,-999999,-999999,-999999,-999999,-999999,-999999,-999999,-999999,-999999
220,Lincoln Point - South Shore Farms,4,FGNET,1404.5184000000002,40.135,-111.82,1.609344,14.722222222222221,2017-09-20 00:00:00,0.0,0.0,0.0,0.0,0.0,-999999,-999999,-999999,-999999,-999999,-999999,-999999,-999999,-999999,-999999
221,West Mountain Center - McMullin,20,FGNET,1433.4744,40.0143,-111.786,2.548128,15.277777777777779,2017-09-20 00:00:00,0.0,0.0,0.0,0.0,0.0,-999999,-999999,-999999,-999999,-999999,-999999,-999999,-999999,-999999,-999999
222,Santaquin East - Wall,22,FGNET,1453.8960000000002,39.9968,-111.771,2.190496,14.555555555555555,2017-09-20 00:00:00,0.0,0.0,0.0,0.0,0.0,-999999,-999999,-999999,-999999,-999999,-999999,-999999,-999999,-999999,-999999
223,Payson - Allred Farm,2,FGNET,1484.0712,40.0248,-111.702,2.2799039999999997,16.055555555555557,2017-09-20 00:00:00,0.0,0.0,0.0,0.0,0.0,-999999,-999999,-999999,-999999,-999999,-999999,-999999,-999999,-999999,-999999
224,Kaysville - USU Farm,7,FGNET,1371.6000000000001,41.021,-111.93,1.966976,14.222222222222221,2017-09-20 00:00:00,0.0,3.556,4.064,4.064,4.064,-999999,-999999,-999999,-999999,-999999,-999999,-999999,-999999,-999999,-999999
225,Santaquin West - CHF North,14,FGNET,1481.0232,39.9867,-111.803,2.771648,15.277777777777779,2017-09-20 00:00:00,0.0,0.0,0.0,0.0,0.0,-999999,-999999,-999999,-999999,-999999,-999999,-999999,-999999,-999999,-999999
226,Lindon - Stratton Fruit,16,FGNET,1446.276,40.3342,-111.71,1.34112,15.555555555555555,2017-09-20 00:00:00,0.0,0.254,0.254,0.254,0.254,-999999,-999999,-999999,-999999,-999999,-999999,-999999,-999999,-999999,-999999
227,Alpine - Burgess Orchards,6,FGNET,1566.672,40.463,-111.76,1.251712,14.222222222222221,2017-09-20 00:00:00,0.254,0.508,0.762,1.27,2.032,-999999,-999999,-999999,-999999,-999999,-999999,-999999,-999999,-999999,-999999
228,Thatcher,1270767,FGNET,1356.6648,41.69,-112.3,1.922272,11.11111111111111,2017-09-20 00:00:00,0.0,3.8099999999999996,4.064,4.064,4.064,-999999,-999999,-999999,-999999,-999999,-999999,-999999,-999999,-999999,-999999
229,West Mountain - Wall,3,FGNET,1427.3784,40.0272,-111.788,2.414016,14.5,2017-09-20 00:00:00,0.0,0.0,0.0,0.0,0.0,-999999,-999999,-999999,-999999,-999999,-999999,-999999,-999999,-999999,-999999
230,testStation,1265881,FGNET,371.52072000000004,37.2047,-112.978,-999999,-999999,2017-09-20 00:00:00,-999999,-999999,-999999,-999999,-999999,-999999,-999999,-999999,-999999,-999999,-999999,-999999,-999999,-999999,-999999
231,Pleasant View - Thinnes Orchard ,8,FGNET,1343.8632,41.316,-111.992,0.5364479999999999,12.722222222222221,2017-09-20 00:00:00,0.0,5.08,5.588,5.588,5.588,-999999,-999999,-999999,-999999,-999999,-999999,-999999,-999999,-999999,-999999
232,American Fork - Riley ,11,FGNET,1407.2616,40.3938,-111.818,2.190496,15.055555555555555,2017-09-20 00:00:00,0.0,0.0,0.0,0.0,0.0,-999999,-999999,-999999,-999999,-999999,-999999,-999999,-999999,-999999,-999999
233,Santaquin - South Ridge Farms,1,FGNET,1493.52,39.9633,-111.799,3.3528,15.055555555555555,2017-09-20 00:00:00,0.0,0.0,0.0,0.0,0.0,-999999,-999999,-999999,-999999,-999999,-999999,-999999,-999999,-999999,-999999
234,Bear Lake Observatory,13,FGNET,1343.8632,41.934,-111.42,-999999,-999999,2017-09-20 00:00:00,-999999,-999999,-999999,-999999,-999999,-999999,-999999,-999999,-999999,-999999,-999999,-999999,-999999,-999999,-999999
235,Greenville Farm,12,FGNET,1402.9944,41.7654,-111.813,-999999,-999999,2017-09-20 00:00:00,-999999,-999999,-999999,-999999,-999999,-999999,-999999,-999999,-999999,-999999,-999999,-999999,-999999,-999999,-999999
236,West Mountain South - Orchard View,21,FGNET,1460.2968,39.9978,-111.798,2.2799039999999997,15.055555555555555,2017-09-20 00:00:00,0.0,0.0,0.0,0.0,0.0,-999999,-999999,-999999,-999999,-999999,-999999,-999999,-999999,-999999,-999999
237,River Heights - Zollinger Fruit Farm,17,FGNET,1423.1112,41.7254,-111.806,1.1176,10.555555555555555,2017-09-20 00:00:00,0.0,11.684,16.256,16.256,16.256,-999999,-999999,-999999,-999999,-999999,-999999,-999999,-999999,-999999,-999999
