serial_number,station_name,station_id,network,elev,lat,long,wind_speed,air_temp,start_date,p1day,p2day,p3day,p4day,p5day,sm_2,sm_4,sm_8,sm_20,sm_40,st_2,st_4,st_8,st_20,st_40,slope,aspect,avg_month_rain,avg_month_temp
1,Agua Canyon,907,SNTL,2712.7200000000003,37.52217,-112.27118,-999999,13.499999999999998,2017-09-13T00:00:00Z,0,5.079999999999981,5.079999999999981,10.159999999999963,10.159999999999963,0.083,-999999,0.152,0.10400000000000001,-999999,12.78,-999999,15.56,15,-999999,5.319192225017634,205.05481382162853,46.599998474121094,11.970000267028809
2,Bear River RS,992,SNTL,2675.2296,40.8852,-110.8277,-999999,9.722222222222221,2017-09-13T00:00:00Z,0,0,5.079999999999981,10.159999999999963,10.159999999999963,0.043,-999999,0.043,0.034,-999999,10.56,-999999,10.56,10.56,-999999,3.9504748666791056,276.2217543885506,45.40999984741211,9.420000076293945
3,Beaver Dams,329,SNTL,2435.3520000000003,39.13683,-111.55813,-999999,10.999999999999998,2017-09-13T00:00:00Z,2.540000000000036,2.540000000000036,2.540000000000036,2.540000000000036,7.620000000000018,0.28300000000000003,-999999,0.281,0.31,-999999,13.89,-999999,15,13.89,-999999,6.162584651194001,316.5310273854689,47.33000183105469,12.420000076293945
4,Beaver Divide,330,SNTL,2523.744,40.61233,-111.09782,-999999,11.38888888888889,2017-09-13T00:00:00Z,0,0,0,0,2.5399999999998553,0.031,-999999,0.087,0.062,-999999,13.89,-999999,15.56,13.89,-999999,3.4078597380034283,248.59565743732705,48.72999954223633,11.470000267028809
5,Ben Lomond Peak,332,SNTL,2343.6072,41.37603,-111.94405,-999999,14.777777777777779,2017-09-13T00:00:00Z,0,0,0,0,0,0,-999999,0.035,0.053,-999999,13.33,-999999,12.78,12.22,-999999,15.01244212183157,32.34316962248111,87.55000305175781,13.170000076293945
6,Ben Lomond Trail,333,SNTL,1820.2656000000002,41.38291,-111.92103,-999999,16.38888888888889,2017-09-13T00:00:00Z,0,0,0,0,0,0.048,-999999,0.084,0.132,-999999,15.56,-999999,15,12.78,-999999,9.28511653154872,84.16690598141973,66.31999969482422,13.520000457763672
7,Bevans Cabin,1214,SNTL,1987.296,40.46182,-112.25233,-999999,14.61111111111111,2017-09-13T00:00:00Z,0,0,0,2.540000000000036,2.540000000000036,0.038,0.025,0,0,0.005,15,15.56,16.11,15.56,15,13.441173058967113,249.3500322741638,47.38999938964844,15.5
8,Big Flat,339,SNTL,3154.3752,38.30183,-112.35672,-999999,4.777777777777779,2017-09-13T00:00:00Z,7.620000000000108,7.620000000000108,7.620000000000108,10.160000000000144,12.7,0.301,-999999,0.188,0.298,-999999,7.78,-999999,8.89,8.89,-999999,4.914993144205663,304.2225939925867,48.2400016784668,8.770000457763672
9,Black Flat-U.M. Ck,348,SNTL,2869.3872,38.6799,-111.59765,-999999,5.38888888888889,2017-09-13T00:00:00Z,10.159999999999963,10.159999999999963,10.159999999999963,17.77999999999998,17.77999999999998,0.141,-999999,0.205,0.092,-999999,10.56,-999999,11.67,12.78,-999999,2.528353018425661,168.37732698312058,42.310001373291016,9.239999771118164
10,Blacks Fork Jct,1162,SNTL,2703.2712,40.95814,-110.5828,-999999,7.722222222222222,2017-09-13T00:00:00Z,0,0,0,0,0,0.048,-999999,0.042,0.063,-999999,12.22,-999999,15,11.67,-999999,8.308086715915342,70.31575075855383,40.38999938964844,8.779999732971191
11,Bobs Hollow,1278,SNTL,2840.4312,38.94569,-112.15349,-999999,11.722222222222221,2017-09-13T00:00:00Z,2.5399999999998553,2.5399999999998553,2.5399999999998553,5.079999999999892,7.619999999999927,0.174,-999999,0.065,0.062,-999999,8.89,-999999,10.56,11.67,-999999,1.949724756740233,346.6375848935663,43.36000061035156,10.880000114440918
12,Box Creek,364,SNTL,3003.1944000000003,38.50809,-112.01856,-999999,11.722222222222221,2017-09-13T00:00:00Z,2.540000000000036,2.540000000000036,2.540000000000036,7.620000000000018,7.620000000000018,0,-999999,0.08800000000000001,0.158,-999999,8.89,-999999,12.22,12.22,-999999,2.2181309057951495,43.347189020291076,46.54999923706055,10.470000267028809
13,Box Springs,1156,SNTL,2812.6944000000003,38.49746,-112.00779,-999999,12.111111111111109,2017-09-13T00:00:00Z,0,2.540000000000036,2.540000000000036,5.079999999999981,7.620000000000018,0.061,-999999,0.069,0.09,-999999,11.11,-999999,12.22,11.11,-999999,4.879372671949881,162.94418045756916,44.150001525878906,11.430000305175781
14,Brian Head,1154,SNTL,3059.8872,37.67994,-112.85674,-999999,9.5,2017-09-13T00:00:00Z,0,0,5.080000000000072,10.159999999999963,10.159999999999963,0.087,-999999,0.102,0.175,-999999,9.44,-999999,12.22,11.67,-999999,5.6409068798795055,308.34825240282396,54.709999084472656,9.40999984741211
15,Brighton,366,SNTL,2671.8768,40.59936,-111.58167,-999999,10.61111111111111,2017-09-13T00:00:00Z,0,0,2.5399999999998553,2.5399999999998553,5.079999999999892,0,-999999,0.051,0.044000000000000004,-999999,12.78,-999999,12.22,11.67,-999999,7.034219995129627,311.67617759704984,58.959999084472656,10.600000381469727
16,Brown Duck,368,SNTL,3222.9552000000003,40.58102,-110.58587,-999999,9.277777777777779,2017-09-13T00:00:00Z,0,0,0,2.540000000000036,2.540000000000036,0.055,-999999,0.061,0.161,-999999,10,-999999,11.11,10,-999999,7.7748204405015935,344.40973491382226,76.44000244140625,7.260000228881836
17,Buck Flat,371,SNTL,2867.8632000000002,39.134,-111.43722,-999999,7.11111111111111,2017-09-13T00:00:00Z,17.780000000000072,17.780000000000072,17.780000000000072,17.780000000000072,22.859999999999964,0.257,-999999,0.17300000000000001,0.39799999999999996,-999999,7.22,-999999,9.44,11.11,-999999,3.0064837276519896,81.66038416639287,65.23999786376953,9.960000038146973
18,Buck Pasture,1192,SNTL,2935.8336,40.84456,-110.66068,-999999,7.277777777777778,2017-09-13T00:00:00Z,0,0,5.079999999999892,5.079999999999892,5.079999999999892,0.408,-999999,0.40700000000000003,0.41700000000000004,-999999,11.11,-999999,10,8.89,-999999,3.1130633608834004,60.618543840476214,61.369998931884766,7.610000133514404
19,Buckboard Flat,1153,SNTL,2720.0352000000003,37.86943,-109.44717,-999999,10.722222222222221,2017-09-13T00:00:00Z,0,12.7,33.02000000000002,33.02000000000002,33.02000000000002,0.266,-999999,0.262,0.161,-999999,11.11,-999999,11.67,11.67,-999999,13.518852398067747,324.8715506502945,62.52000045776367,11.180000305175781
20,Bug Lake,374,SNTL,2434.4376,41.68541,-111.41987,-999999,10.5,2017-09-13T00:00:00Z,0,0,0,2.540000000000036,2.540000000000036,0.084,-999999,0.12,0.207,-999999,12.22,-999999,14.44,13.33,-999999,5.566191520562527,12.450833768238608,45.060001373291016,11.300000190734863
21,Burts Miller Ranch,1135,SNTL,2438.4,40.98492,-110.85075,-999999,10.999999999999998,2017-09-13T00:00:00Z,0,0,0,2.540000000000036,2.540000000000036,0.23600000000000002,-999999,0.293,0.40399999999999997,-999999,13.33,-999999,12.78,11.67,-999999,3.516283688238574,61.24843623588485,36.099998474121094,10.90999984741211
22,Camp Jackson,383,SNTL,2699.9184,37.81333,-109.48723,-999999,10.999999999999998,2017-09-13T00:00:00Z,0,5.079999999999981,7.619999999999927,7.619999999999927,7.619999999999927,0.096,-999999,0.08900000000000001,0.133,-999999,11.67,-999999,12.22,11.11,-999999,8.62502901907163,299.2864584027853,64.279998779296875,10.789999961853027
23,Cascade Mountain,1039,SNTL,2369.5152000000003,40.283,-111.60992,-999999,15.222222222222221,2017-09-13T00:00:00Z,0,0,0,2.540000000000036,5.080000000000072,0.035,-999999,0.073,0.059000000000000004,-999999,12.78,-999999,11.67,10,-999999,10.447471220280775,22.43433314247138,64.51000213623047,13.510000228881836
24,Castle Valley,390,SNTL,2928.2136,37.66098,-112.74093,-999999,6.7777777777777795,2017-09-13T00:00:00Z,0,2.5399999999998553,2.5399999999998553,7.619999999999927,7.619999999999927,0.12,-999999,0.198,0.302,-999999,11.67,-999999,11.67,11.11,-999999,3.7174581833327593,120.7637363524828,47.11000061035156,9.369999885559082
25,Chalk Creek #1,392,SNTL,2795.3208,40.85464,-111.04765,-999999,11.61111111111111,2017-09-13T00:00:00Z,0,0,2.540000000000036,7.620000000000108,7.620000000000108,0.228,-999999,0.253,0.272,-999999,11.67,-999999,12.22,10.56,-999999,5.732114529417108,3.637299081866584,66.54000091552734,9.579999923706055
26,Chalk Creek #2,393,SNTL,2501.7984,40.88529,-111.06954,-999999,11.722222222222221,2017-09-13T00:00:00Z,0,0,0,7.619999999999927,7.619999999999927,0.039,-999999,0.023,0.016,-999999,11.67,-999999,11.67,10,-999999,9.067131197270779,351.49338610772,57.290000915527344,10.9399995803833
27,Chepeta,396,SNTL,3200.0952,40.77458,-110.0105,-999999,6.388888888888889,2017-09-13T00:00:00Z,2.540000000000036,5.079999999999981,5.079999999999981,7.620000000000018,7.620000000000018,0.028999999999999998,-999999,0.054000000000000006,0.113,-999999,8.89,-999999,10,9.44,-999999,4.814202957075374,72.12216810404757,79.26000213623047,6.679999828338623
28,Clayton Springs,983,SNTL,3062.9352000000003,37.9725,-111.83355,-999999,5.277777777777778,2017-09-13T00:00:00Z,0,5.079999999999981,5.079999999999981,17.77999999999998,17.77999999999998,0.177,-999999,0.15,0.114,-999999,8.89,-999999,11.11,11.11,-999999,1.9926790351662196,73.51732149084212,50.4900016784668,8.850000381469727
29,Clear Creek #1,399,SNTL,2735.58,39.86671,-111.28363,-999999,13.222222222222221,2017-09-13T00:00:00Z,0,0,0,2.5399999999998553,5.079999999999892,0.069,-999999,0.057,0.08199999999999999,-999999,13.33,-999999,13.89,12.22,-999999,7.468905190944663,329.6352486721739,55.95000076293945,10.850000381469727
30,Clear Creek #2,400,SNTL,2388.7176,39.89275,-111.25154,-999999,8.61111111111111,2017-09-13T00:00:00Z,2.539999999999946,2.539999999999946,2.539999999999946,2.539999999999946,2.539999999999946,0.035,-999999,0.07400000000000001,0.037000000000000005,-999999,13.33,-999999,13.89,12.22,-999999,10.402607447085664,352.28917750880595,47.65999984741211,11.550000190734863
31,Corral,1236,SNTL,2501.4936000000002,39.65795,-110.37906,-999999,7.6111111111111125,2017-09-13T00:00:00Z,5.079999999999981,5.079999999999981,5.079999999999981,5.079999999999981,5.079999999999981,0.124,-999999,0.146,0.152,-999999,11.67,-999999,12.78,12.78,-999999,9.077464630327757,264.0662444482432,64.98999786376953,11.859999656677246
32,Currant Creek,432,SNTL,2412.492,40.35747,-111.08993,-999999,9.000000000000002,2017-09-13T00:00:00Z,0,0,0,2.539999999999946,2.539999999999946,0.040999999999999995,-999999,0.038,0.10300000000000001,-999999,13.89,-999999,14.44,13.33,-999999,9.911134399674799,150.21026607329463,50.81999969482422,10.229999542236328
33,Daniels-Strawberry,435,SNTL,2440.8384,40.2953,-111.25677,0.8493759999999999,10.388888888888891,2017-09-13T00:00:00Z,0,0,2.540000000000036,2.540000000000036,2.540000000000036,0.032,-999999,0.027000000000000003,0.043,-999999,14.44,-999999,15.56,13.89,-999999,5.3148290508557015,95.54022826465287,50.77000045776367,11.579999923706055
34,Dills Camp,444,SNTL,2812.6944000000003,39.04554,-111.46875,-999999,10.999999999999998,2017-09-13T00:00:00Z,0,2.540000000000036,2.540000000000036,5.080000000000072,10.159999999999963,0.07400000000000001,-999999,0.16899999999999998,0.177,-999999,9.44,-999999,10,9.44,-999999,6.513463228916062,99.18795239389966,51.16999816894531,10.510000228881836
35,Donkey Reservoir,452,SNTL,2986.7352,38.2084,-111.47412,-999999,4.722222222222222,2017-09-13T00:00:00Z,10.160000000000053,10.160000000000053,10.160000000000053,12.7,12.7,0.287,-999999,0.08199999999999999,0.036000000000000004,-999999,7.22,-999999,9.44,8.89,-999999,3.0019475219999467,106.05846719964411,45.65999984741211,9.59000015258789
36,Dry Bread Pond,455,SNTL,2530.4496,41.41289,-111.5377,-999999,12.388888888888888,2017-09-13T00:00:00Z,0,0,0,5.080000000000072,0,0,-999999,0,0,-999999,11.67,-999999,12.22,11.11,-999999,6.206765559326051,217.45691415882175,51.959999084472656,11.319999694824219
37,Dry Fork,906,SNTL,2161.9464000000003,40.56533,-112.17343,-999999,14.5,2017-09-13T00:00:00Z,0,0,0,0,2.540000000000036,0.032,-999999,0.025,0,-999999,12.78,-999999,12.78,12.22,-999999,11.565106574937499,66.47996631575013,51.5099983215332,13.270000457763672
38,East Willow Creek,461,SNTL,2530.4496,39.31213,-109.53179,-999999,13.222222222222221,2017-09-13T00:00:00Z,0,0,0,0,0,0.083,-999999,0.08199999999999999,0.079,-999999,13.33,-999999,14.44,13.89,-999999,9.613890866062002,56.605866401071395,58.34000015258789,11.239999771118164
39,EF Blacks Fork GS,1163,SNTL,2852.9280000000003,40.88472,-110.54056,-999999,7.88888888888889,2017-09-13T00:00:00Z,0,7.620000000000018,7.620000000000018,7.620000000000018,7.620000000000018,0.371,-999999,0.37,0.397,-999999,11.11,-999999,11.67,10.56,-999999,2.470423046759984,96.33585793620031,52.97999954223633,7.820000171661377
40,Farmington,474,SNTL,2408.5296000000003,40.97462,-111.80975,-999999,14.11111111111111,2017-09-13T00:00:00Z,0,0,0,2.5399999999998553,2.5399999999998553,0.099,-999999,0.073,0.057999999999999996,-999999,14.44,-999999,13.89,12.22,-999999,9.220525829901053,20.440031237675658,77.41999816894531,11.829999923706055
41,Farmington Lower,1054,SNTL,2066.2392,40.992,-111.81702,-999999,9.11111111111111,2017-09-13T00:00:00Z,0,0,0,0,0,0.054000000000000006,-999999,0.106,0.107,-999999,13.89,-999999,14.44,12.78,-999999,6.743114371428085,238.67244551246668,80.75,12.010000228881836
42,Farnsworth Lake,475,SNTL,2933.0904,38.77246,-111.67662,-999999,9.888888888888888,2017-09-13T00:00:00Z,5.080000000000072,5.080000000000072,5.080000000000072,10.160000000000144,10.160000000000144,0.13,-999999,0.122,0.24600000000000002,-999999,9.44,-999999,10.56,10,-999999,6.94305472413573,350.52193043216795,54.77000045776367,10.34000015258789
43,Fish Lake Utah,1149,SNTL,2681.6304,38.50455,-111.76693,-999999,5.999999999999998,2017-09-13T00:00:00Z,25.4,27.940000000000033,27.940000000000033,35.55999999999996,35.55999999999996,0.267,-999999,0.255,0.027999999999999997,-999999,8.33,-999999,12.22,13.33,-999999,2.971930250741901,100.63829717044044,48.310001373291016,11.489999771118164
44,Five Points Lake,481,SNTL,3335.4264000000003,40.71785,-110.46721,-999999,5,2017-09-13T00:00:00Z,10.159999999999963,15.240000000000036,15.240000000000036,17.780000000000072,17.780000000000072,0.031,-999999,0.20199999999999999,0.28300000000000003,-999999,7.22,-999999,7.78,7.22,-999999,3.113394517304351,142.84171464444353,75.61000061035156,6.440000057220459
45,Garden City Summit,1114,SNTL,2348.484,41.9215,-111.4693,-999999,7.777777777777778,2017-09-13T00:00:00Z,0,0,0,0,0,0.016,-999999,0.127,0.157,-999999,11.11,-999999,12.78,11.11,-999999,5.5237814006695185,344.2479178420979,45.97999954223633,11.479999542236328
46,Gardner Peak,1066,SNTL,2536.5456,37.40083,-113.45988,-999999,14.222222222222221,2017-09-13T00:00:00Z,0,0,0,5.079999999999981,7.620000000000018,0.049,-999999,0.034,0.045,-999999,14.44,-999999,16.11,13.89,-999999,10.406618211086158,281.19447911133574,50.18000030517578,12.989999771118164
47,GBRC HQ,1221,SNTL,2682.5448,39.32019,-111.48827,-999999,10.5,2017-09-13T00:00:00Z,2.540000000000036,2.540000000000036,2.540000000000036,2.540000000000036,5.079999999999981,0.068,-999999,0.11800000000000001,0.25,-999999,12.78,-999999,13.89,12.78,-999999,3.273713072342816,314.7692323763598,49.29999923706055,10.739999771118164
48,GBRC Meadows,1222,SNTL,3004.7184,39.30229,-111.45383,-999999,10.999999999999998,2017-09-13T00:00:00Z,12.7,12.7,12.7,17.77999999999989,17.77999999999989,0.11,-999999,0.122,0.154,-999999,7.78,-999999,12.22,11.67,-999999,5.735130961934273,295.0498414450638,54.220001220703125,8.460000038146973
49,George Creek,1151,SNTL,2732.2272000000003,41.91562,-113.41154,-999999,11.777777777777779,2017-09-13T00:00:00Z,0,0,2.540000000000036,2.540000000000036,2.540000000000036,0.08,-999999,0.122,0.09300000000000001,-999999,12.22,-999999,13.89,12.22,-999999,7.860244479214147,330.98368368302613,48.11000061035156,9.5600004196167
50,Gooseberry RS,495,SNTL,2421.3312,38.80034,-111.68333,-999999,8.88888888888889,2017-09-13T00:00:00Z,2.539999999999946,2.539999999999946,2.539999999999946,5.079999999999981,5.079999999999981,0.034,-999999,0.091,0.27399999999999997,-999999,10,-999999,13.89,13.89,-999999,4.685283509859442,29.17012623337509,43.349998474121094,12.020000457763672
51,Gooseberry RS Up,1184,SNTL,2559.1008,38.7882,-111.68892,-999999,9.222222222222221,2017-09-13T00:00:00Z,2.540000000000036,2.540000000000036,2.540000000000036,5.080000000000072,5.080000000000072,0.13699999999999998,-999999,0.184,0.225,-999999,11.67,-999999,14.44,14.44,-999999,7.274521298733865,348.21516649951803,44.95000076293945,11.930000305175781
52,Gutz Peak,1065,SNTL,2061.3624,37.49617,-113.94235,-999999,16,2017-09-13T00:00:00Z,0,0,0,7.620000000000018,10.159999999999963,0.08199999999999999,-999999,0.175,0.091,-999999,15.56,-999999,16.67,15.56,-999999,6.320003288369223,312.64528914307033,49.189998626708984,15.180000305175781
53,Hardscrabble,896,SNTL,2209.8,40.86833,-111.71865,-999999,16.61111111111111,2017-09-13T00:00:00Z,0,0,0,0,0,0.04,-999999,0.069,0.091,-999999,12.22,-999999,12.22,11.11,-999999,14.70823506768907,262.5529195591533,52.529998779296875,12.649999618530273
54,Harris Flat,514,SNTL,2375.0016,37.48997,-112.57602,-999999,6.277777777777776,2017-09-13T00:00:00Z,0,0,0,2.540000000000036,2.540000000000036,0.242,-999999,0.259,-999999,-999999,16.11,-999999,16.67,-999999,-999999,0.488048398144329,74.89934470893567,46.279998779296875,12.34000015258789
55,Hayden Fork,517,SNTL,2782.824,40.79669,-110.88472,-999999,12.222222222222221,2017-09-13T00:00:00Z,0,0,0,2.5399999999998553,2.5399999999998553,0.156,-999999,0.07,0.113,-999999,12.22,-999999,13.89,12.78,-999999,13.203379966867434,107.82303882121938,60.38999938964844,8.579999923706055
56,Hewinta,521,SNTL,2895.6000000000004,40.95009,-110.48419,-999999,8.222222222222221,2017-09-13T00:00:00Z,0,0,0,0,2.540000000000036,0.105,-999999,0.07400000000000001,0.086,-999999,10.56,-999999,12.22,10.56,-999999,4.679742010674466,79.05579935901756,48.540000915527344,7.78000020980835
57,Hickerson Park,522,SNTL,2780.3856,40.90663,-109.96287,-999999,8.38888888888889,2017-09-13T00:00:00Z,0,0,2.539999999999946,2.539999999999946,2.539999999999946,0.19699999999999998,-999999,0.252,0.192,-999999,12.22,-999999,13.89,12.78,-999999,3.6832853593556565,47.12012808854525,44.81999969482422,8.579999923706055
58,Hobble Creek,1223,SNTL,2248.5096000000003,40.18538,-111.35971,-999999,13.11111111111111,2017-09-13T00:00:00Z,0,0,0,2.5399999999998553,5.079999999999892,0,-999999,0.083,0.242,-999999,15.56,-999999,18.89,15.56,-999999,2.708330135911777,348.25742180187683,46.54999923706055,13.380000114440918
59,Hole-in-Rock,528,SNTL,2794.4064000000003,40.92167,-110.18623,-999999,9.722222222222221,2017-09-13T00:00:00Z,0,2.540000000000036,2.540000000000036,2.540000000000036,2.540000000000036,0.10099999999999999,-999999,0.10400000000000001,0.136,-999999,10.56,-999999,10.56,10,-999999,7.625508193939924,357.6997646983217,43.7400016784668,8.59000015258789
60,Horse Ridge,533,SNTL,2499.0552000000002,41.313720000000004,-111.44624,-999999,11.722222222222221,2017-09-13T00:00:00Z,0,0,0,0,2.540000000000036,0.027000000000000003,-999999,0.02,0.026000000000000002,-999999,18.33,-999999,18.33,14.44,-999999,5.1282665562820755,131.26022456287416,55.43000030517578,11.5600004196167
61,Huntington Horse,1216,SNTL,2941.9296,39.61774,-111.30576,-999999,12.388888888888888,2017-09-13T00:00:00Z,5.079999999999892,5.079999999999892,5.079999999999892,5.079999999999892,10.159999999999963,0.047,-999999,0.139,0.141,-999999,12.22,-999999,13.89,12.78,-999999,6.046888429887305,342.701397570595,58.540000915527344,9.680000305175781
62,Indian Canyon,543,SNTL,2795.3208,39.89166,-110.74604,-999999,11.61111111111111,2017-09-13T00:00:00Z,0,0,0,0,0,0.055,-999999,0.10800000000000001,0.182,-999999,10.56,-999999,13.33,12.22,-999999,7.267832080745089,38.40490884369123,55.099998474121094,11.569999694824219
63,Jones Corral,1099,SNTL,2971.4952000000003,38.07125,-112.16788,-999999,8.499999999999998,2017-09-13T00:00:00Z,0,0,0,2.539999999999946,2.539999999999946,0.076,-999999,0.158,0.067,-999999,8.33,-999999,10,9.44,-999999,5.9967078852545805,315.5076620954018,47.630001068115234,10.449999809265137
64,Kilfoil Creek,1145,SNTL,2200.656,41.24764,-111.41249,-999999,9.38888888888889,2017-09-13T00:00:00Z,0,0,0,0,0,0.021,-999999,0.065,0.02,-999999,10,-999999,11.11,10.56,-999999,3.108039240937287,74.61298628442637,55.9900016784668,12.390000343322754
65,Kimberly Mine,557,SNTL,2773.9848,38.48383,-112.39273,-999999,9.722222222222221,2017-09-13T00:00:00Z,0,0,2.5399999999998553,2.5399999999998553,2.5399999999998553,0.128,-999999,0.158,0.076,-999999,10.56,-999999,10.56,10,-999999,9.925195192891982,343.41103432322365,45.9900016784668,11.380000114440918
66,Kings Cabin,559,SNTL,2660.2944,40.71632,-109.54401,-999999,8.499999999999998,2017-09-13T00:00:00Z,0,0,0,0,0,0.154,-999999,0.171,0.134,-999999,13.89,-999999,14.44,13.89,-999999,2.3777779664812897,127.14445647485057,65.779998779296875,9.449999809265137
67,Klondike Narrows,1115,SNTL,2209.8,41.96769,-111.59713,-999999,10.111111111111112,2017-09-13T00:00:00Z,0,0,0,0,0,0.002,-999999,0.071,0.10099999999999999,-999999,12.78,-999999,12.78,11.11,-999999,5.1130921200887505,94.55118921474497,51.349998474121094,11.640000343322754
68,Kolob,561,SNTL,2823.3624,37.52664,-113.05386,-999999,9.611111111111109,2017-09-13T00:00:00Z,2.540000000000036,2.540000000000036,2.540000000000036,10.159999999999963,10.159999999999963,0.013999999999999999,-999999,0.115,0.10099999999999999,-999999,12.22,-999999,14.44,12.78,-999999,6.894630677752644,9.363390524732756,49.65999984741211,11.100000381469727
69,Lakefork #1,566,SNTL,3087.0144,40.59709,-110.43316,-999999,6.722222222222223,2017-09-13T00:00:00Z,0,0,0,0,0,0.203,-999999,0.298,0.285,-999999,12.22,-999999,12.78,11.67,-999999,3.4441345213688854,122.81502042607455,61.70000076293945,6.739999771118164
70,Lakefork #3,1116,SNTL,2579.8272,40.5502,-110.3529,-999999,14.777777777777779,2017-09-13T00:00:00Z,0,0,0,0,0,0,-999999,0,0,-999999,15,-999999,15.56,15.56,-999999,3.3957185395936693,85.57585423136426,40,11.09000015258789
71,Lakefork Basin,513,SNTL,3317.748,40.73785,-110.62121,-999999,7.88888888888889,2017-09-13T00:00:00Z,0,0,0,2.540000000000036,2.540000000000036,0.40700000000000003,-999999,0.392,0.326,-999999,10.56,-999999,10.56,9.44,-999999,2.5720587441357643,175.15145777067525,81.33000183105469,6.559999942779541
72,Lasal Mountain,572,SNTL,2919.3744,38.48226,-109.27198,-999999,10.388888888888891,2017-09-13T00:00:00Z,0,0,2.540000000000036,5.079999999999981,5.079999999999981,0.027999999999999997,-999999,0.018000000000000002,0.040999999999999995,-999999,15,-999999,15.56,13.89,-999999,6.532082086448028,340.2761044466746,73.95999908447266,11.779999732971191
73,Lasal Mountain-Lower,1215,SNTL,2677.0584000000003,38.48167,-109.29164,-999999,11.777777777777779,2017-09-13T00:00:00Z,0,0,0,0,2.540000000000036,0.040999999999999995,-999999,0.013999999999999999,0.065,-999999,16.11,-999999,16.67,14.44,-999999,9.70399124124072,296.64925110685004,66.94000244140625,13.039999961853027
74,Lightning Ridge,1056,SNTL,2503.9320000000002,41.35891,-111.48749,-999999,12.777777777777779,2017-09-13T00:00:00Z,0,0,2.540000000000036,2.540000000000036,2.540000000000036,0.006999999999999999,0.039,0.022000000000000002,0.036000000000000004,0.019,15,15.56,15,13.33,12.22,5.546562781115973,216.32637022579502,63.709999084472656,11.710000038146973
75,Lily Lake,579,SNTL,2783.7384,40.86493,-110.79813,-999999,12,2017-09-13T00:00:00Z,0,0,2.540000000000036,5.080000000000072,5.080000000000072,0.024,-999999,0.081,0.08900000000000001,-999999,12.78,-999999,13.89,12.22,-999999,8.783479073314682,310.92114078339233,52.36000061035156,8.920000076293945
76,Little Bear,582,SNTL,1995.8304,41.40562,-111.82607,-999999,16.61111111111111,2017-09-13T00:00:00Z,0,0,0,0,0,0.11,-999999,0.141,0.146,-999999,16.11,-999999,18.89,17.22,-999999,11.974089985776693,323.62101307409944,50.779998779296875,13.199999809265137
77,Little Grassy,583,SNTL,1848.612,37.48631,-113.84582,-999999,17.38888888888889,2017-09-13T00:00:00Z,0,0,0,5.079999999999981,10.160000000000053,0,-999999,0.086,0.11199999999999999,-999999,20.56,-999999,21.11,19.44,-999999,4.0247748272715675,63.06591066734852,36.65999984741211,17.110000610351563
78,Lonesome Beaver,1261,SNTL,2868.168,38.07,-110.77241,-999999,14.000000000000002,2017-09-13T00:00:00Z,2.539999999999946,7.619999999999927,12.7,17.77999999999998,17.77999999999998,0.155,-999999,0.035,0.084,-999999,10.56,-999999,12.22,12.22,-999999,35.353891855543914,341.8758876046341,56.93000030517578,11.020000457763672
79,Long Flat,592,SNTL,2432.9136000000003,37.51255,-113.39661,-999999,16.77777777777778,2017-09-13T00:00:00Z,0,0,0,2.539999999999946,5.079999999999981,0.061,-999999,0.073,0.10300000000000001,-999999,15,-999999,18.89,16.67,-999999,1.2928826962049982,318.61722734994163,36.650001525878906,13.300000190734863
80,Long Valley Jct,593,SNTL,2275.3320000000003,37.48756,-112.51458,-999999,10.88888888888889,2017-09-13T00:00:00Z,0,0,0,5.080000000000072,5.080000000000072,0.092,-999999,0.165,0.114,-999999,17.22,-999999,19.44,19.44,-999999,2.9041710354812484,166.81930833930977,34.880001068115234,13.479999542236328
81,Lookout Peak,596,SNTL,2487.4728,40.83731,-111.70965,-999999,14.5,2017-09-13T00:00:00Z,0,0,0,0,0,0,-999999,0,0.024,-999999,11.67,-999999,11.67,10,-999999,12.264864966496466,86.24381868782025,47.18000030517578,11.010000228881836
82,Lost Creek Resv,1118,SNTL,1853.7936000000002,41.22155,-111.35947,-999999,8.38888888888889,2017-09-13T00:00:00Z,0,0,0,0,0,0.084,-999999,0.086,0.16,-999999,13.33,-999999,13.33,13.33,-999999,4.589128358240723,119.09391569707648,39.560001373291016,12.680000305175781
83,Louis Meadow,972,SNTL,2042.16,40.83033,-111.76457,1.34112,10.88888888888889,2017-09-13T00:00:00Z,0,0,0,0,0,0.066,-999999,0.04,0.053,-999999,16.11,-999999,16.11,13.89,-999999,5.242776470913451,194.23398535172848,56.72999954223633,12.920000076293945
84,Mammoth-Cottonwood,612,SNTL,2654.5032,39.68338,-111.31818,-999999,9.11111111111111,2017-09-13T00:00:00Z,2.539999999999946,2.539999999999946,2.539999999999946,2.539999999999946,5.079999999999981,0.11800000000000001,-999999,0.136,0.24100000000000002,-999999,10,-999999,15,14.44,-999999,5.058726409425599,271.6788667620304,58.15999984741211,10.350000381469727
85,Merchant Valley,621,SNTL,2653.284,38.30285,-112.43637,-999999,5.999999999999998,2017-09-13T00:00:00Z,2.539999999999946,7.620000000000018,7.620000000000018,7.620000000000018,7.620000000000018,0.359,-999999,0.065,0,-999999,8.89,-999999,9.44,10,-999999,13.01644269393114,143.74336870524408,48.970001220703125,10.770000457763672
86,Midway Valley,626,SNTL,2995.2696,37.56933,-112.83849,-999999,8.38888888888889,2017-09-13T00:00:00Z,0,0,0,7.619999999999927,10.159999999999963,0.231,-999999,0.172,0.272,-999999,10.56,-999999,13.33,11.67,-999999,14.170399835249787,9.347697489790313,54.61000061035156,9.170000076293945
87,Mill-D North,628,SNTL,2731.9224,40.65883,-111.63683,-999999,13.38888888888889,2017-09-13T00:00:00Z,0,0,0,0,0,0,-999999,0.027000000000000003,0.045,-999999,16.67,-999999,14.44,12.22,-999999,8.381197747341462,201.17401308452338,52.650001525878906,11.130000114440918
88,Mining Fork,631,SNTL,2528.3160000000003,40.49384,-112.61141,-999999,14.222222222222221,2017-09-13T00:00:00Z,0,0,0,0,2.540000000000036,0.008,-999999,0.053,0.05,-999999,11.11,-999999,11.67,10,-999999,22.905901375433583,10.544418296130958,55.40999984741211,11.6899995803833
89,Monte Cristo,634,SNTL,2722.4736000000003,41.46547,-111.49688,-999999,12.388888888888888,2017-09-13T00:00:00Z,0,0,0,5.080000000000072,5.080000000000072,0.028999999999999998,-999999,0.094,0.04,-999999,10.56,-999999,12.22,11.11,-999999,6.487856820812787,53.26506744185946,54.209999084472656,10.140000343322754
90,Mosby Mtn.,643,SNTL,2911.7544000000003,40.60798,-109.8881,-999999,9.277777777777779,2017-09-13T00:00:00Z,7.620000000000018,7.620000000000018,7.620000000000018,7.620000000000018,7.620000000000018,0.121,-999999,0.087,0.026000000000000002,-999999,12.22,-999999,11.67,11.11,-999999,5.079721939165516,54.77565296369949,76.08000183105469,8.220000267028809
91,Mt Baldy,1224,SNTL,2902.9152000000004,39.13648,-111.50527,-999999,10.111111111111112,2017-09-13T00:00:00Z,0,0,0,0,2.540000000000036,0.121,-999999,0.149,0.21899999999999997,-999999,12.22,-999999,12.22,11.11,-999999,10.541696605764189,15.507243498387108,57.83000183105469,9.739999771118164
92,Mt Pennell,1269,SNTL,2806.9032,37.97793,-110.7933,-999999,13.777777777777777,2017-09-13T00:00:00Z,12.7,17.77999999999998,30.47999999999998,30.47999999999998,30.47999999999998,0.17,-999999,0.038,0.06,-999999,8.89,-999999,11.11,12.22,-999999,20.90221184648785,27.25951194573264,58.2400016784668,11.479999542236328
93,Oak Creek,1146,SNTL,2392.6800000000003,39.3485,-112.32639,-999999,15.61111111111111,2017-09-13T00:00:00Z,0,0,0,2.540000000000036,7.620000000000018,0.062,-999999,0.053,0.08800000000000001,-999999,14.44,-999999,17.22,16.11,-999999,12.517427602897847,87.46471626973864,24.639999389648438,17.6200008392334
94,Panguitch Lake RS,1148,SNTL,2545.08,37.70463,-112.65037,-999999,10.88888888888889,2017-09-13T00:00:00Z,0,0,0,2.539999999999946,5.079999999999981,0.259,-999999,0.32899999999999996,0.40399999999999997,-999999,13.89,-999999,16.11,13.89,-999999,3.435274269802896,24.855775518870633,41.650001525878906,12.199999809265137
95,Parleys Summit,684,SNTL,2311.908,40.76184,-111.62917,-999999,14.11111111111111,2017-09-13T00:00:00Z,0,0,0,0,0,0.048,-999999,0.315,0.271,-999999,18.33,-999999,20.56,18.89,-999999,10.5244960811505,21.12171355474048,57.02000045776367,13.0600004196167
96,Parleys Upper,856,SNTL,2545.9944,40.70194,-111.60619,-999999,-999999,2017-09-13T00:00:00Z,-999999,-999999,-999999,-999999,-999999,-999999,-999999,-999999,-999999,-999999,-999999,-999999,-999999,-999999,-999999,7.589289680481667,31.942649539088677,53.029998779296875,11.010000228881836
97,Parrish Creek,971,SNTL,2359.152,40.93417,-111.81372,-999999,13.277777777777779,2017-09-13T00:00:00Z,0,0,0,0,0,0.05,-999999,0.07200000000000001,0.155,-999999,10.56,-999999,10.56,10,-999999,9.012361467297133,264.21959801095034,60.540000915527344,12.220000267028809
98,Payson R.S.,686,SNTL,2451.8112,39.92976,-111.63109,-999999,13.499999999999998,2017-09-13T00:00:00Z,0,0,0,0,0,0.21600000000000003,-999999,0.172,0.171,-999999,16.11,-999999,17.22,16.11,-999999,0.7656929484334111,150.56463878156316,50.459999084472656,12.529999732971191
99,Pickle Keg,691,SNTL,2749.2960000000003,39.01219,-111.58259,-999999,12.222222222222221,2017-09-13T00:00:00Z,0,0,2.540000000000036,5.079999999999981,7.620000000000018,0.111,-999999,0.204,0.19899999999999998,-999999,12.78,-999999,12.78,12.78,-999999,14.977978877746276,153.99752074528666,50.93000030517578,12.1899995803833
100,Pine Creek,694,SNTL,2662.1232,38.88185,-112.24915,-999999,11.222222222222223,2017-09-13T00:00:00Z,0,0,0,0,0,0,-999999,0.038,0.055,-999999,11.11,-999999,14.44,15.56,-999999,12.790404128858198,270.71757171575297,41.619998931884766,11.859999656677246
101,Red Pine Ridge,714,SNTL,2739.5424000000003,39.45197,-111.27221,-999999,5.611111111111112,2017-09-13T00:00:00Z,12.7,12.7,12.7,15.240000000000036,17.780000000000072,0.17800000000000002,-999999,0.17,0.289,-999999,9.44,-999999,12.78,12.22,-999999,3.313031000255355,133.50239907047134,58.75,9.9399995803833
102,Redden Mine Lwr,1225,SNTL,2600.5536,40.67505,-111.21765,-999999,13.222222222222221,2017-09-13T00:00:00Z,0,0,0,0,2.5399999999998553,0,-999999,0.049,0.006,-999999,15.56,-999999,15.56,13.89,-999999,6.421930780478905,309.8591555519091,58.61000061035156,11.09000015258789
103,Rees Flat,1217,SNTL,2196.3888,39.49667,-111.72508,-999999,7.222222222222222,2017-09-13T00:00:00Z,0,0,0,0,0,0.057999999999999996,-999999,0.07400000000000001,0.016,-999999,12.22,-999999,14.44,14.44,-999999,13.421627822461382,54.47147665305265,39.15999984741211,13.819999694824219
104,Rock Creek,720,SNTL,2403.6528000000003,40.54875,-110.69292,-999999,12.5,2017-09-13T00:00:00Z,0,0,0,0,0,0.079,-999999,0.069,0.022000000000000002,-999999,14.44,-999999,15,14.44,-999999,3.641123770295529,127.10058464112652,59.689998626708984,10.90999984741211
105,Rocky Basin-Settleme,723,SNTL,2652.9792,40.44293,-112.22377,-999999,9.38888888888889,2017-09-13T00:00:00Z,0,0,0,2.5399999999998553,2.5399999999998553,0.075,-999999,0.067,0.01,-999999,10,-999999,11.11,10,-999999,12.561240980848213,311.8821542010852,57.58000183105469,11.359999656677246
106,Santaquin Meadows,1280,SNTL,2388.108,39.92076,-111.71802,-999999,10.222222222222221,2017-09-13T00:00:00Z,0,0,0,0,0,0,-999999,0.045,0.031,-999999,17.22,-999999,19.44,16.11,-999999,13.353635792721597,254.94244586094058,51.04999923706055,12.789999961853027
107,Seeley Creek,742,SNTL,3018.7392,39.31042,-111.43297,2.6375360000000003,11.277777777777777,2017-09-13T00:00:00Z,12.7,12.7,12.7,12.7,20.320000000000018,0.07200000000000001,-999999,0.11599999999999999,0.048,-999999,10.56,-999999,12.78,12.22,-999999,1.610677346193385,105.39893863256994,54.38999938964844,8.760000228881836
108,Smith  Morehouse,763,SNTL,2325.9288,40.78931,-111.09192,-999999,12.277777777777779,2017-09-13T00:00:00Z,0,0,0,0,0,0.068,-999999,0.08900000000000001,0.062,-999999,13.89,-999999,14.44,13.33,-999999,13.804250945220844,326.06515555626277,53.45000076293945,11.239999771118164
109,Snowbird,766,SNTL,2797.1496,40.56914,-111.65852,-999999,13.61111111111111,2017-09-13T00:00:00Z,-999999,-999999,-999999,-999999,-999999,0,-999999,0.043,0.015,-999999,12.22,-999999,16.67,15,-999999,9.331676092601427,316.4824782746706,82.01000213623047,10.050000190734863
110,Spirit Lk,1117,SNTL,3119.628,40.83868,-110.00527,-999999,6.277777777777776,2017-09-13T00:00:00Z,0,0,5.079999999999981,5.079999999999981,5.079999999999981,0.243,-999999,0.21100000000000002,0.15,-999999,8.33,-999999,9.44,8.89,-999999,5.788615599108348,93.25860165411014,69.62999725341797,7.019999980926514
111,Steel Creek Park,790,SNTL,3096.1584000000003,40.90862,-110.50462,-999999,8.38888888888889,2017-09-13T00:00:00Z,0,0,0,2.540000000000036,2.540000000000036,0.319,-999999,0.337,0.272,-999999,7.78,-999999,7.78,6.67,-999999,7.870865663735342,15.623182234678099,56.5,7.519999980926514
112,Strawberry Divide,795,SNTL,2475.8904000000002,40.16483,-111.20665,-999999,14.11111111111111,2017-09-13T00:00:00Z,0,0,0,0,0,0,-999999,0,0.033,-999999,15.56,-999999,14.44,13.33,-999999,8.275671820271576,61.98973283205791,47.77000045776367,11.699999809265137
113,Sunflower Flat,1249,SNTL,3053.4864000000002,38.048,-111.33981,-999999,12.111111111111109,2017-09-13T00:00:00Z,0,0,0,5.079999999999981,5.079999999999981,0.075,-999999,0.095,0.128,-999999,7.78,-999999,10,9.44,-999999,8.366344965240575,16.804022655616247,48.150001525878906,9.770000457763672
114,Suu Ranch,1248,SNTL,2453.6400000000003,37.59711,-112.92949,-999999,8.722222222222223,2017-09-13T00:00:00Z,0,0,0,7.620000000000018,10.159999999999963,0.046,-999999,0.113,0.276,-999999,11.67,-999999,13.33,13.33,-999999,6.849517280799311,7.173336104535618,42.380001068115234,12.670000076293945
115,Takka Wiiya,1247,SNTL,2780.3856,39.74104,-113.98262,-999999,9.38888888888889,2017-09-13T00:00:00Z,2.539999999999946,2.539999999999946,2.539999999999946,2.539999999999946,5.079999999999981,0.033,-999999,0.06,0.10400000000000001,-999999,12.22,-999999,13.89,13.33,-999999,5.487697642942043,14.223861802945907,32.029998779296875,11.5600004196167
116,Temple Fork,1013,SNTL,2257.3488,41.793,-111.54605,-999999,13.38888888888889,2017-09-13T00:00:00Z,0,0,0,5.079999999999892,5.079999999999892,0.015,-999999,0.163,0.040999999999999995,-999999,13.33,-999999,12.22,11.11,-999999,8.463330577390202,310.57429764895215,45.7599983215332,12.529999732971191
117,Thaynes Canyon,814,SNTL,2813.304,40.6235,-111.53322,-999999,12.722222222222221,2017-09-13T00:00:00Z,0,0,0,0,0,0.05,-999999,0.055999999999999994,0.09300000000000001,-999999,11.67,-999999,11.67,10.56,-999999,9.918159982127479,321.15744308762106,50.43000030517578,10.520000457763672
118,Thistle Flat,1226,SNTL,2678.2776000000003,39.23803,-111.51998,-999999,12.888888888888891,2017-09-13T00:00:00Z,0,0,0,0,7.620000000000018,0.064,-999999,0.064,0.35,-999999,15,-999999,15,14.44,-999999,3.94831023987815,320.6865386041033,50.22999954223633,11.100000381469727
119,Timberline,1097,SNTL,2662.7328,39.67712,-110.43395,-999999,6.222222222222224,2017-09-13T00:00:00Z,5.079999999999981,5.079999999999981,5.079999999999981,5.079999999999981,5.079999999999981,0.134,-999999,0.22399999999999998,0.22,-999999,13.89,-999999,14.44,13.89,-999999,8.722829339754394,285.86156043578865,69.4800033569336,11.949999809265137
120,Timpanogos Divide,820,SNTL,2481.072,40.42817,-111.61633,-999999,12.277777777777779,2017-09-13T00:00:00Z,0,0,0,0,0,0.033,-999999,0.068,0.045,-999999,13.89,-999999,13.89,11.67,-999999,3.6821339537487674,23.43424553944463,71.11000061035156,11.84000015258789
121,Tony Grove Lake,823,SNTL,2582.8752,41.89833,-111.62957,-999999,13,2017-09-13T00:00:00Z,0,0,0,0,0,0.017,-999999,0.09699999999999999,0.131,-999999,13.33,-999999,14.44,12.22,-999999,5.940240602317541,128.51697125216398,56.029998779296875,10.670000076293945
122,Tony Grove RS,1113,SNTL,1929.9936,41.88573,-111.56918,-999999,10.999999999999998,2017-09-13T00:00:00Z,0,0,0,0,0,0.013999999999999999,-999999,0.09699999999999999,0.049,-999999,15.56,-999999,16.67,15,-999999,5.335635460819689,93.07727581415772,59.95000076293945,12.140000343322754
123,Trial Lake,828,SNTL,3045.5616,40.678,-110.94873,-999999,9.277777777777779,2017-09-13T00:00:00Z,0,0,2.540000000000036,2.540000000000036,2.540000000000036,0.032,-999999,0.105,0.302,-999999,8.89,-999999,9.44,8.33,-999999,10.092424786016643,257.80565344002775,69.2699966430664,8.300000190734863
124,Trout Creek,833,SNTL,2901.0864,40.739,-109.6728,-999999,9.277777777777779,2017-09-13T00:00:00Z,0,5.079999999999981,5.079999999999981,5.079999999999981,5.079999999999981,0.095,-999999,0.204,0.22399999999999998,-999999,8.33,-999999,9.44,10,-999999,3.410507164674805,46.08335745358894,72.8499984741211,8.300000190734863
125,Upper Joes Valley,1227,SNTL,2620.0608,39.4155,-111.2491,-999999,6.388888888888889,2017-09-13T00:00:00Z,10.160000000000053,12.7,12.7,12.7,15.240000000000036,0.12300000000000001,-999999,0.063,0.081,-999999,8.89,-999999,11.11,11.11,-999999,7.418174436939387,75.01948325847923,48.38999938964844,10.710000038146973
126,Usu Doc Daniel,1098,SNTL,2520.696,41.86425,-111.50603,-999999,11.11111111111111,2017-09-13T00:00:00Z,0,0,0,2.5399999999998553,-999999,0.039,0.078,0.127,0.077,0.395,15,15.56,15.56,13.33,11.11,1.426935137265401,53.108373089257626,64.44000244140625,10.289999961853027
127,Vernon Creek,844,SNTL,2255.8248000000003,39.93667,-112.41478,-999999,11.61111111111111,2017-09-13T00:00:00Z,0,0,0,2.540000000000036,2.540000000000036,0.015,-999999,0.053,0,-999999,13.89,-999999,13.33,11.67,-999999,8.49187550653951,39.50856814841134,37.630001068115234,13.729999542236328
128,Webster Flat,853,SNTL,2805.0744,37.575,-112.90155,-999999,9.611111111111109,2017-09-13T00:00:00Z,0,0,0,12.7,15.240000000000036,0.098,-999999,0.071,0.042,-999999,12.22,-999999,12.22,11.67,-999999,2.6242014073267055,183.59200032383998,49.15999984741211,11.010000228881836
129,White River #1,864,SNTL,2633.7768,39.9645,-110.98845,-999999,13.499999999999998,2017-09-13T00:00:00Z,0,0,0,0,0,0.061,-999999,0.091,0.29100000000000004,-999999,15,-999999,15,12.22,-999999,1.9030496763750626,115.51416663218629,43.880001068115234,10.970000267028809
130,Widtsoe #3,865,SNTL,2938.272,37.83633,-111.88163,-999999,10.999999999999998,2017-09-13T00:00:00Z,0,0,2.540000000000036,7.620000000000018,7.620000000000018,0.183,-999999,0.121,0.03,-999999,10,-999999,11.11,10,-999999,7.245600298467764,319.0115950634286,45.72999954223633,10.430000305175781
131,Wrigley Creek,1228,SNTL,2842.8696,39.13233,-111.35685,-999999,11.11111111111111,2017-09-13T00:00:00Z,2.540000000000036,2.540000000000036,2.540000000000036,2.540000000000036,5.080000000000072,0.257,-999999,0.19699999999999998,0.306,-999999,8.33,-999999,10.56,10.56,-999999,6.667629905615879,23.60373357685033,58.79999923706055,10.869999885559082
132,Yankee Reservoir,1197,SNTL,2649.3216,37.74797,-112.77495,-999999,10.5,2017-09-13T00:00:00Z,0,7.620000000000018,7.620000000000018,15.240000000000036,17.77999999999998,0.153,-999999,0.135,0.158,-999999,13.33,-999999,15.56,13.89,-999999,3.632110962999164,345.37370028626987,43.560001373291016,11.6899995803833
133,Alkali Mesa,2138,SCAN,1964.4360000000001,37.67455,-109.36429,2.369312,18.000000000000004,2017-09-13T00:00:00Z,1.269999999999973,1.269999999999973,1.269999999999973,1.269999999999973,1.269999999999973,0.046,0.049,0.14800000000000002,0.177,0.17300000000000001,21.67,21.67,23.33,23.33,22.78,1.324394790172552,186.3031418139506,42,17.170000076293945
134,Blue Creek,2135,SCAN,1578.5592000000001,41.93531,-112.4336,1.56464,19,2017-09-13T00:00:00Z,0,0,0,0,0,0.08800000000000001,0.14,0.21,0.212,0.17600000000000002,22.22,23.33,23.89,22.22,19.44,2.8442517731870263,253.08786721167922,25.850000381469727,14.84000015258789
135,Buffalo Jump,2151,SCAN,2036.6736,41.34363,-111.18798,1.78816,16.27777777777778,2017-09-13T00:00:00Z,0,0,0.25399999999999456,4.825999999999987,4.825999999999987,0.063,0.092,0.08199999999999999,0.08,-999999,18.33,18.89,18.33,17.22,-999999,1.8706536793223485,77.74413699997127,33.040000915527344,12.369999885559082
136,Cache Junction,2136,SCAN,1348.74,41.81568,-111.98043,1.296416,13.222222222222221,2017-09-13T00:00:00Z,0,0,0,0,0,0.151,0.163,0.29100000000000004,0.376,0.39,22.22,22.78,21.67,20.56,18.89,0.6856870336939638,69.69566670056186,32.29999923706055,16.239999771118164
137,Cave Valley,2161,SCAN,1912.0104000000001,37.35524,-113.12341,1.8775680000000001,11.38888888888889,2017-09-13T00:00:00Z,0,0,0,6.6039999999999495,7.111999999999938,0.013999999999999999,0.039,0.009000000000000001,0.015,0.012,19.44,22.22,24.44,21.67,20.56,1.96794607459236,101.38104946438105,25.8700008392334,16.1200008392334
138,Chicken Ridge,2150,SCAN,2331.4152,41.33136,-111.3036,2.8163519999999997,14.277777777777779,2017-09-13T00:00:00Z,0,0,0.25399999999999456,2.5399999999999907,2.5399999999999907,0.024,0.066,0.071,0.115,0.092,16.11,16.67,16.67,15.56,14.44,7.095438006549571,133.2587227164478,44.400001525878906,12.140000343322754
139,Circleville,2125,SCAN,1865.3760000000002,38.15133,-112.25122,0.9387840000000001,8.277777777777779,2017-09-13T00:00:00Z,0,0,0,0.25399999999999456,0.25399999999999456,0.062,0.124,0.084,0.121,0.152,17.22,20.56,20.56,19.44,17.78,0.7261755209451518,339.4296374086497,24.299999237060547,15.539999961853027
140,Dugway,2167,SCAN,1314.9072,40.16591,-113.02007,3.7551360000000003,21.22222222222222,2017-09-13T00:00:00Z,0,0,0,0,0,-999999,-999999,-999999,-999999,-999999,26.67,27.22,27.22,25.56,23.89,0.08397288237187116,337.0296659890982,16.43000030517578,18.559999465942383
141,Eastland,2130,SCAN,2083.9176,37.77853,-109.17193,3.3528,14.000000000000002,2017-09-13T00:00:00Z,0,0,0.5079999999999891,0.5079999999999891,0.5079999999999891,0.059000000000000004,0.091,0.107,0.228,0.207,20.56,21.67,21.67,20.56,20,1.6736610504037428,156.45030665339434,45.52000045776367,15.979999542236328
142,Enterprise,2128,SCAN,1600.2,37.63343,-113.64324,2.7269439999999996,16.5,2017-09-13T00:00:00Z,0,0,0,3.555999999999969,5.3339999999999765,0.044000000000000004,0.233,0.225,0.14300000000000002,0.155,21.11,25,25,22.78,21.67,0.5701410360270759,34.304749503409774,24.09000015258789,17.309999465942383
143,Ephraim,2126,SCAN,1685.8488,39.36798,-111.57803,0.26822399999999996,9.611111111111109,2017-09-13T00:00:00Z,7.620000000000018,7.620000000000018,7.874000000000012,8.128000000000007,8.128000000000007,0.042,0.151,0.209,0.254,0.251,15,19.44,20,19.44,18.33,0.9707743391790113,323.7279777361262,30.1299991607666,16.34000015258789
144,Goshute,2165,SCAN,1672.4376,39.99003,-114.00025,2.6375360000000003,13.38888888888889,2017-09-13T00:00:00Z,0.25399999999999456,0.25399999999999456,0.25399999999999456,0.25399999999999456,0.25399999999999456,0.13,-999999,-999999,-999999,-999999,18.33,21.11,21.67,20.56,19.44,1.6671487111640308,41.473472918336725,22.940000534057617,15.460000038146973
145,Grantsville,2152,SCAN,1321.9176,40.59089,-112.39258,2.548128,20.27777777777778,2017-09-13T00:00:00Z,0,0,0,0,1.269999999999973,0,-999999,-999999,-999999,-999999,23.89,25.56,25.56,25.56,22.78,0.7209015549679139,353.8051345850667,30.690000534057617,18.700000762939453
146,Green River,2131,SCAN,1250.5944,39.01825,-110.16264,1.430528,20.27777777777778,2017-09-13T00:00:00Z,0,0,0,0,0,0.08800000000000001,0.068,0.08900000000000001,0.077,0.098,26.11,27.22,27.22,26.11,25.56,0.5945964847967002,127.41959010491,19.84000015258789,19.93000030517578
147,Grouse Creek,2160,SCAN,1778.508,41.77846,-113.82048,1.251712,15.777777777777779,2017-09-13T00:00:00Z,0,0,1.270000000000018,1.270000000000018,1.270000000000018,0,0.071,0.106,0.161,0.16399999999999998,18.89,20.56,21.11,20.56,19.44,2.404197932898359,169.83411210211707,19.299999237060547,14.529999732971191
148,Hals Canyon,2164,SCAN,1603.248,38.59445,-113.75102,1.743456,16.88888888888889,2017-09-13T00:00:00Z,2.5399999999999907,2.5399999999999907,2.5399999999999907,6.857999999999989,6.857999999999989,-999999,0.055,0.095,-999999,0.099,-999999,22.78,24.44,-999999,22.22,0.9605277353889095,67.84438053575126,17.389999389648437,17.31999969482422
149,Harms Way,2166,SCAN,2150.364,38.31347,-109.23998,3.084576,14.000000000000002,2017-09-13T00:00:00Z,0.25399999999999456,0.25399999999999456,0.5079999999999891,0.5079999999999891,0.7619999999999837,0.049,0.126,0.135,0.136,0.071,20,21.67,22.78,20.56,18.89,2.998201005786098,245.71053502375608,48.369998931884766,15.770000457763672
150,Holden,2127,SCAN,1446.276,39.19216,-112.40155,1.028192,16.61111111111111,2017-09-13T00:00:00Z,0,0,0,0,1.0160000000000233,0.040999999999999995,0.045,0.073,0.129,0.13,24.44,25,25,23.89,22.78,0.5365590826969633,285.85351196852116,21.549999237060547,17.540000915527344
151,Little Red Fox,2155,SCAN,1644.3960000000002,40.17957,-110.30464,2.2352,18.111111111111107,2017-09-13T00:00:00Z,0,0,0,0.5079999999999891,0.5079999999999891,0.064,0.136,0.177,0.22399999999999998,0.19899999999999998,21.67,22.78,22.22,20,18.89,5.090674241610876,195.33276834396847,29.549999237060547,15.949999809265137
152,Manderfield,2156,SCAN,1885.188,38.36649,-112.64291,2.2352,10.722222222222221,2017-09-13T00:00:00Z,0,0,0,1.270000000000018,2.2859999999999965,0.042,0.14,0.14800000000000002,0.121,0.057999999999999996,17.22,20.56,20.56,18.89,17.22,0.6898202963716666,194.27682903292873,26.780000686645508,15.479999542236328
153,Mccracken Mesa,2140,SCAN,1620.0120000000002,37.44671,-109.33776,2.369312,20.888888888888886,2017-09-13T00:00:00Z,0,0,0,0,0,0.077,0.10800000000000001,0.14,0.172,0.159,23.89,26.67,27.22,24.44,23.33,0.9273995606363892,209.0651101155927,30.649999618530273,19.34000015258789
154,Milford,2129,SCAN,1525.5240000000001,38.34196,-113.01053,1.1176,14.000000000000002,2017-09-13T00:00:00Z,0,0,0,0.7619999999999837,1.52399999999999,0.084,0.213,0.115,0.264,0.085,22.22,23.89,23.89,22.22,21.67,0.4135766016397248,261.9022978543858,23.219999313354492,17.760000228881836
155,Morgan,2133,SCAN,1558.4424000000001,40.9999,-111.68555,0.581152,10.111111111111112,2017-09-13T00:00:00Z,0,0,0,0,0,0.158,0.205,0.27,0.301,0.207,23.89,23.89,24.44,22.22,20,0.34913002478620586,334.57797936275057,36.470001220703125,15.960000038146973
156,Mountain Home,2134,SCAN,2111.3496,40.37263,-110.40602,2.503424,16.11111111111111,2017-09-13T00:00:00Z,0,0,0,0,0,0.018000000000000002,0.114,0.14800000000000002,0.127,0.165,20,21.67,22.22,18.89,18.33,1.2405255105689355,117.05349622835226,34.43000030517578,13.470000267028809
157,Nephi,2137,SCAN,1598.6760000000002,39.64554,-111.87044,1.56464,13.38888888888889,2017-09-13T00:00:00Z,0,0,0,1.0159999999999783,1.0159999999999783,0.076,0.127,0.14,0.08199999999999999,0.067,22.78,23.33,23.33,22.22,20.56,1.3503531373100754,299.4385959865198,31.649999618530273,17.170000076293945
158,Panguitch,2157,SCAN,1991.5632,37.86975,-112.43437,0.357632,7.6111111111111125,2017-09-13T00:00:00Z,0,0,0,2.7940000000000307,2.7940000000000307,0.040999999999999995,0.161,0.124,0.193,0.331,15,15.56,14.44,13.89,13.33,0.8475230229599445,106.80307378713327,25.8799991607666,14.619999885559082
159,Park Valley,2153,SCAN,1553.8704,41.77318,-113.28596,2.548128,15.11111111111111,2017-09-13T00:00:00Z,0,0,0,0,0,0,0.027000000000000003,0.027000000000000003,-999999,-999999,21.11,22.78,23.89,22.78,21.67,0.9368739206289023,169.48867429574418,15.539999961853027,15.970000267028809
160,Price,2132,SCAN,1718.1576,39.53288,-110.80604,1.4752319999999999,13.11111111111111,2017-09-13T00:00:00Z,2.032000000000002,2.032000000000002,2.032000000000002,2.032000000000002,2.032000000000002,0.002,0.095,0.171,0.19699999999999998,0.239,20,24.44,25.56,24.44,23.33,1.9895195524371883,189.01431980287128,28.84000015258789,16.940000534057617
161,Sand Hollow,2159,SCAN,941.2224,37.10516,-113.35615,1.430528,24.388888888888893,2017-09-13T00:00:00Z,0,0,0,3.3020000000000196,5.080000000000027,0.01,0.009000000000000001,0.01,0.021,0.005,28.89,31.67,31.67,28.89,27.78,2.371461529283556,278.60906608587584,19.59000015258789,24.350000381469727
162,Split Mountain,2154,SCAN,1476.4512,40.39136,-109.35326,1.0728959999999998,15.722222222222221,2017-09-13T00:00:00Z,0,0,0,0,0,0.016,0.107,0.09699999999999999,0.133,0.161,24.44,26.67,25.56,24.44,22.78,1.1738406321449297,168.41535206217617,27.579999923706055,16.920000076293945
163,Spooky,2158,SCAN,1627.9368000000002,37.51468,-111.26189,2.2352,18.5,2017-09-13T00:00:00Z,0.7620000000000289,0.7620000000000289,0.7620000000000289,4.064000000000004,4.064000000000004,0.018000000000000002,0.011000000000000001,0.018000000000000002,0.057,0.015,21.67,22.78,25,24.44,23.89,1.7692464924415645,239.21147405646772,24.139999389648438,19.59000015258789
164,Tule Valley,2163,SCAN,1399.6416000000002,39.23724,-113.45866,2.056384,18.111111111111107,2017-09-13T00:00:00Z,3.0480000000000027,3.0480000000000027,3.0480000000000027,3.0480000000000027,3.0480000000000027,0.096,0.078,0.18,0.12300000000000001,0.07400000000000001,18.89,24.44,26.67,26.67,26.67,1.8273748450180822,267.16134980473515,17.260000228881836,17.84000015258789
165,Vermillion,2162,SCAN,1948.2816,37.19061,-112.19252,0.581152,14.000000000000002,2017-09-13T00:00:00Z,0,0,0,2.2859999999999965,2.7939999999999854,0,0,0.027999999999999997,0.043,0.086,15.56,19.44,21.11,18.89,17.78,2.754957564089652,306.45775745559905,31.969999313354492,15.989999771118164
166,West Summit,2139,SCAN,2131.4664000000002,38.01394,-109.12745,1.1176,14.38888888888889,2017-09-13T00:00:00Z,0,0,1.0160000000000233,1.0160000000000233,3.5560000000000143,0.1,0.135,0.149,0.21600000000000003,0.196,16.67,18.89,21.11,19.44,18.33,0.7095529751722661,285.9508992275635,48.13999938964844,15.770000457763672
167,Duchesne,1266800,UAGRIMET,1662.0744000000002,40.1807,-110.36,2.2352,20.549999999999997,2017-09-13T00:00:00Z,1.27,1.27,1.27,1.27,1.27,-999999,-999999,-999999,-999999,-999999,-999999,-999999,-999999,-999999,-999999,1.1226532831233715,152.99128777628474,29.649999618530273,15.819999694824219
168,Sutherland,1266799,UAGRIMET,1394.46,39.4507,-112.638,3.12928,20.683333333333337,2017-09-13T00:00:00Z,0,2.794,2.794,2.794,2.794,-999999,-999999,-999999,-999999,-999999,-999999,-999999,-999999,-999999,-999999,0.2300253428880695,5.906706705606557,20.940000534057617,17.68000030517578
169,Orangeville,1266804,UAGRIMET,1720.596,39.2201,-111.07,1.922272,18.238888888888887,2017-09-13T00:00:00Z,0.254,0.254,0.254,0.254,0.254,-999999,-999999,-999999,-999999,-999999,-999999,-999999,-999999,-999999,-999999,1.2152145625359891,88.62516913351931,27.309999465942383,16.200000762939453
170,Elmo,1266805,UAGRIMET,1712.6712,39.4213,-110.838,1.78816,17.11111111111111,2017-09-13T00:00:00Z,0,0,0,0,0,-999999,-999999,-999999,-999999,-999999,-999999,-999999,-999999,-999999,-999999,1.1563054838188322,44.99367240550282,29.110000610351563,16.56999969482422
171,Huntington,1266806,UAGRIMET,1756.5624,39.307,-110.977,1.385824,16.605555555555554,2017-09-13T00:00:00Z,0,0,0.254,0.254,0.254,-999999,-999999,-999999,-999999,-999999,-999999,-999999,-999999,-999999,-999999,1.048649632575727,137.96978780954512,27.329999923706055,16.329999923706055
172,Ferron,1266807,UAGRIMET,1835.2008,39.0756,-111.154,2.6375360000000003,18.87777777777778,2017-09-13T00:00:00Z,0.254,0.254,0.254,0.254,0.508,-999999,-999999,-999999,-999999,-999999,-999999,-999999,-999999,-999999,-999999,1.886510901773247,63.837916663847516,27.65999984741211,16.31999969482422
173,PelicanLake,1266808,UAGRIMET,1468.8312,40.1814,-109.668,1.385824,20.34444444444445,2017-09-13T00:00:00Z,0.508,0.508,0.508,0.508,0.508,-999999,-999999,-999999,-999999,-999999,-999999,-999999,-999999,-999999,-999999,0.16691512449761448,211.8214436861117,23.459999084472656,16.920000076293945
174,PleasantValley,1266809,UAGRIMET,1627.632,40.162,-110.107,2.101088,19.122222222222224,2017-09-13T00:00:00Z,0,0,0,0,0,-999999,-999999,-999999,-999999,-999999,-999999,-999999,-999999,-999999,-999999,0.6659130901778869,15.573839912486559,23.989999771118164,16.030000686645508
175,Grantsville,1266810,UAGRIMET,1330.452,40.5311,-112.757,2.548128,22.11111111111111,2017-09-13T00:00:00Z,0,0.254,0.254,0.254,0.254,-999999,-999999,-999999,-999999,-999999,-999999,-999999,-999999,-999999,-999999,1.4587456167948036,299.9248872606301,10.770000457763672,18.719999313354492
176,SanPete,1266811,UAGRIMET,1755.6480000000001,39.5433,-111.482,2.324608,16.35,2017-09-13T00:00:00Z,0.508,4.064,4.064,4.064,4.064,-999999,-999999,-999999,-999999,-999999,-999999,-999999,-999999,-999999,-999999,0.9102630909458418,281.49536648677304,31.90999984741211,15.5600004196167
177,Monroe,1266812,UAGRIMET,1606.9056,38.6341,-112.158,1.743456,17.116666666666667,2017-09-13T00:00:00Z,1.27,3.5559999999999996,4.064,4.064,4.064,-999999,-999999,-999999,-999999,-999999,-999999,-999999,-999999,-999999,-999999,1.0365873304595326,31.18925490435239,22.229999542236328,16.670000076293945
178,CastleValley,1266813,UAGRIMET,1379.8296,38.6479,-109.399,1.743456,24.444444444444443,2017-09-13T00:00:00Z,0,0,0,0,0,-999999,-999999,-999999,-999999,-999999,-999999,-999999,-999999,-999999,-999999,1.8089013389252826,275.7797225278309,26.65999984741211,20.1200008392334
179,Tropic,1266814,UAGRIMET,1904.0856,37.6303,-112.043,2.2352,18.28333333333333,2017-09-13T00:00:00Z,0.254,0.254,0.254,0.254,0.762,-999999,-999999,-999999,-999999,-999999,-999999,-999999,-999999,-999999,-999999,1.2697574434070005,248.91375407908973,32.83000183105469,15.6899995803833
180,Scipio,1266815,UAGRIMET,1634.6424000000002,39.2281,-112.099,3.039872,20.33333333333333,2017-09-13T00:00:00Z,0,0,0,0,2.2859999999999996,-999999,-999999,-999999,-999999,-999999,-999999,-999999,-999999,-999999,-999999,0.9302399917465679,246.12944247272375,29.239999771118164,16.739999771118164
181,Tropic - Kodachrome Basin,1262314,UCRN,1796.796,37.5174,-111.978,2.19988384,19.777777777777775,2017-09-13T00:00:00Z,0.1016,0.1016,2.1081999999999996,2.2097999999999995,3.2003999999999992,-999999,-999999,-999999,-999999,-999999,-999999,-999999,-999999,-999999,-999999,2.267543650959054,221.3218434572302,32.33000183105469,16.920000076293945
182,Manila - Dutch John,1262315,UCRN,2001.3168,40.9225,-109.39,1.70009312,17.166666666666668,2017-09-13T00:00:00Z,2.9972,2.9972,2.9972,2.9972,2.9972,-999999,-999999,-999999,-999999,-999999,-999999,-999999,-999999,-999999,-999999,1.1224395211166431,6.936111774454523,31.219999313354492,14.579999923706055
183,Beaver - Big Flat NFS,1262317,UCRN,3049.8288000000002,38.2861,-112.361,2.00005696,11.055555555555555,2017-09-13T00:00:00Z,1.2953999999999999,5.892799999999999,6.299199999999999,6.299199999999999,10.286999999999999,-999999,-999999,-999999,-999999,-999999,-999999,-999999,-999999,-999999,-999999,5.040379267085006,317.5912253874302,47.97999954223633,9.1899995803833
184,Grantsville - Muskrat BLM,1262316,UCRN,1399.9464,40.636,-112.677,3.3000492799999996,24.222222222222218,2017-09-13T00:00:00Z,0.889,0.889,0.889,0.889,0.889,-999999,-999999,-999999,-999999,-999999,-999999,-999999,-999999,-999999,-999999,4.588226693822511,287.02490762472513,22.809999465942383,18.3700008392334
185,Provo - Hub Guard Station,1262318,UCRN,2379.8784,40.2816,-111.24,1.59995616,12.611111111111112,2017-09-13T00:00:00Z,0,0,0,0,0.7111999999999999,-999999,-999999,-999999,-999999,-999999,-999999,-999999,-999999,-999999,-999999,2.5140951210773697,0.10466485960926512,48.869998931884766,11.039999961853027
186,Bluff - Natural Bridges NM,1262319,UCRN,1959.2544,37.601,-109.989,1.00002848,21.999999999999996,2017-09-13T00:00:00Z,1.1938,1.1938,8.4836,8.889999999999999,9.601199999999999,-999999,-999999,-999999,-999999,-999999,-999999,-999999,-999999,-999999,-999999,2.6466275701434694,172.59970144148608,37.869998931884766,17.450000762939453
187,Mexican Hat - Muley Point,1262320,UCRN,1939.7472,37.2507,-109.988,2.7001216,23.111111111111107,2017-09-13T00:00:00Z,0,0,0,0,0.2032,-999999,-999999,-999999,-999999,-999999,-999999,-999999,-999999,-999999,-999999,1.698175707096086,273.0556781050279,25.530000686645508,18.280000686645508
188,Monticello - Indian Creek,1262321,UCRN,1531.6200000000001,38.1402,-109.617,2.7001216,24.333333333333332,2017-09-13T00:00:00Z,0.1016,0.1016,0.1016,0.1016,0.1016,-999999,-999999,-999999,-999999,-999999,-999999,-999999,-999999,-999999,-999999,1.6807089915644358,291.33829218318607,24.899999618530273,19.280000686645508
189,Price - Carbon County Airport,1262322,UCRN,1770.2784000000001,39.6071,-110.751,1.89992,19.166666666666668,2017-09-13T00:00:00Z,0,0.1016,0.1016,0.1016,0.1016,-999999,-999999,-999999,-999999,-999999,-999999,-999999,-999999,-999999,-999999,1.0201865240904378,175.02157718185202,30.100000381469727,16.649999618530273
190,Spanish Valley - Island in the Sky,1262323,UCRN,1923.5928000000001,38.3135,-109.854,1.40012928,22.22222222222222,2017-09-13T00:00:00Z,0.9905999999999999,11.0998,11.0998,11.0998,11.2014,-999999,-999999,-999999,-999999,-999999,-999999,-999999,-999999,-999999,-999999,3.350903956063508,134.9276143408116,26.34000015258789,19.81999969482422
191,"Blanding - Bluff, Sand Island",1262324,UCRN,1338.0720000000001,37.2667,-109.607,2.00005696,24.72222222222222,2017-09-13T00:00:00Z,1.9049999999999998,1.9049999999999998,1.9049999999999998,1.9049999999999998,1.9049999999999998,-999999,-999999,-999999,-999999,-999999,-999999,-999999,-999999,-999999,-999999,1.4629088155958827,182.63363593680035,23.209999084472656,20.670000076293945
192,Milford - Desert Range Exp. Station,1262325,UCRN,1601.7240000000002,38.5943,-113.751,2.49984768,19.444444444444443,2017-09-13T00:00:00Z,0,2.794,2.794,2.794,6.603999999999999,-999999,-999999,-999999,-999999,-999999,-999999,-999999,-999999,-999999,-999999,0.9605277353889095,67.84438053575126,17.389999389648437,17.31999969482422
193,Delta - Municipal Airport,1262326,UCRN,1451.1528,39.3872,-112.509,2.7001216,21.444444444444443,2017-09-13T00:00:00Z,0,0,0,0,0.2032,-999999,-999999,-999999,-999999,-999999,-999999,-999999,-999999,-999999,-999999,0.25505230841512255,98.68609282233575,20.989999771118164,17.469999313354492
194,"Cedar City - Zion NP, Kolob Canyon",1262327,UCRN,1553.2608,37.4572,-113.225,1.1998553600000001,21.38888888888889,2017-09-13T00:00:00Z,1.1938,1.1938,1.1938,1.1938,3.7845999999999997,-999999,-999999,-999999,-999999,-999999,-999999,-999999,-999999,-999999,-999999,2.9488919697785847,271.9048507141481,25.020000457763672,18.889999389648438
195,Midway - UVU Wasatch Campus,1262328,UCRN,1751.9904000000001,40.5467,-111.414,1.2999923199999999,18.944444444444443,2017-09-13T00:00:00Z,0,0,0,0,8.6106,-999999,-999999,-999999,-999999,-999999,-999999,-999999,-999999,-999999,-999999,4.30569626768712,226.23019553908304,36.209999084472656,14.720000267028809
196,Vernal - Ouray,1262329,UCRN,1421.5872000000002,40.1346,-109.643,1.40012928,21.166666666666664,2017-09-13T00:00:00Z,0.127,0.127,0.127,0.127,0.127,-999999,-999999,-999999,-999999,-999999,-999999,-999999,-999999,-999999,-999999,2.2099157901070803,156.01911027265842,22.770000457763672,16.969999313354492
197,Snowville (West),1138081,AGWX,1354.2264,41.9838,-112.912,2.324608,19.499999999999996,2017-09-13T00:00:00Z,0,0,0,0,0,-999999,-999999,0.07,-999999,-999999,-999999,18.5,20.11,-999999,-999999,0.26356814678384005,163.18600236840444,21.1299991607666,16.360000610351562
198,Buckhorn,1138098,AGWX,1773.9360000000001,38.0399,-112.712,2.190496,17.333333333333332,2017-09-13T00:00:00Z,0,0,0,0.254,3.048,-999999,-999999,0.18,-999999,-999999,-999999,21.83,21.44,-999999,-999999,0.4546231248499714,205.52442027360834,22.579999923706055,16.549999237060547
199,LBW SouthFork,1231956,AGWX,1552.9560000000001,41.4967,-111.819,2.2352,20.611111111111107,2017-09-13T00:00:00Z,0.508,0.508,0.508,0.508,0.508,-999999,-999999,0.31,-999999,-999999,-999999,24.94,24.39,-999999,-999999,11.474598187638387,105.25994432701911,43.04999923706055,14.84000015258789
200,Birch Springs Draw,1221985,AGWX,1850.1360000000002,40.9904,-109.654,1.430528,17.27777777777778,2017-09-13T00:00:00Z,0.7619999999999999,0.7619999999999999,0.7619999999999999,1.016,1.016,-999999,-999999,-999999,-999999,-999999,-999999,18.72,-17.78,-999999,-999999,1.7453397726109474,338.9664853714104,24.760000228881836,14.720000267028809
201,Bear Lake,1233757,AGWX,1979.9808,41.9336,-111.42,3.486912,19.333333333333332,2017-09-13T00:00:00Z,0,0,0,0.254,2.794,-999999,-999999,0.09,-999999,-999999,-999999,20.06,20.33,-999999,-999999,6.639581829618921,102.53418792362896,38.16999816894531,11.9399995803833
202,Parowan,1138054,AGWX,1758.6960000000001,37.8623,-112.881,1.922272,16.27777777777778,2017-09-13T00:00:00Z,0.254,0.254,0.254,0.254,3.048,-999999,-999999,0.18,-999999,-999999,-999999,19.61,19.78,-999999,-999999,0.7623282316558883,298.16521844345493,19.889999389648437,16.940000534057617
203,Drainage Farm,1138089,AGWX,1351.788,41.763,-111.879,1.78816,19.88888888888889,2017-09-13T00:00:00Z,0,0,0,0,0,-999999,-999999,0.14,-999999,-999999,-999999,19.72,19.5,-999999,-999999,0.11992255732507998,280.2816641070772,35.400001525878906,16.15999984741211
204,Clarkston,1259035,AGWX,1505.712,41.8957,-112.048,3.3975039999999996,21.166666666666664,2017-09-13T00:00:00Z,0,0,0,0,0,-999999,-999999,0.09,-999999,-999999,-999999,22.33,22.44,-999999,-999999,1.395364025518492,329.71268785625233,35.90999984741211,15.359999656677246
205,Panguitch,1138099,AGWX,1996.44,37.8686,-112.422,1.78816,13.055555555555555,2017-09-13T00:00:00Z,0,0,0,0,0,-999999,-999999,0.44,-999999,-999999,-999999,17.17,15.67,-999999,-999999,0.7674848946322261,291.4188294558147,25.8799991607666,14.619999885559082
206,Logan Golf,1138088,AGWX,1465.4784,41.7447,-111.789,2.90576,20.833333333333332,2017-09-13T00:00:00Z,0,0,0,0,0,-999999,-999999,0.05,-999999,-999999,-999999,22.67,23.83,-999999,-999999,7.6723697490209695,196.8816400890807,41.90999984741211,15.510000228881836
207,Venice,1138097,AGWX,1598.3712,38.8235,-112,1.4752319999999999,16,2017-09-13T00:00:00Z,0,0.254,0.254,0.254,3.048,-999999,-999999,0.1,-999999,-999999,-999999,18,17.5,-999999,-999999,0.46249027182407815,147.43385661021804,23.5,16.760000228881836
208,Canyonlands Research Center,1197507,AGWX,1627.0224,38.0708,-109.567,1.56464,22.5,2017-09-13T00:00:00Z,0,0,0,0,0,-999999,-999999,-999999,-999999,-999999,-999999,27.11,20.22,-999999,-999999,0.7014055405487138,228.29145546900256,30.040000915527344,18.59000015258789
209,Randolph,1138085,AGWX,1909.2672,41.8327,-111.088,2.592832,15.38888888888889,2017-09-13T00:00:00Z,0,0,0,0.7619999999999999,4.064,-999999,-999999,0.14,-999999,-999999,-999999,17.56,16.78,-999999,-999999,1.8772342406270517,51.914633877716106,28.170000076293945,11.6899995803833
210,Corinne,1138092,AGWX,1291.7424,41.5192,-112.174,2.324608,21.555555555555557,2017-09-13T00:00:00Z,0.254,0.254,0.254,0.254,0.254,-999999,-999999,0.14,-999999,-999999,-999999,23.72,22.44,-999999,-999999,0.3121529311566516,41.21266546390259,33.75,17.530000686645508
211,Vernal,1265822,AGWX,1665.4272,40.4584,-109.562,1.966976,19.444444444444443,2017-09-13T00:00:00Z,0,0,0,0,0,-999999,-999999,0.38,-999999,-999999,-999999,19.5,19.22,-999999,-999999,1.000812924886227,105.70708656898348,27.09000015258789,15.989999771118164
212,Flowell,1138096,AGWX,1443.228,38.9571,-112.42,1.922272,17.61111111111111,2017-09-13T00:00:00Z,0,0,0,0,0,-999999,-999999,0.07,-999999,-999999,-999999,22.39,22.61,-999999,-999999,0.540974267447321,265.1581281009835,22.219999313354492,17.84000015258789
213,Blue Creek,1138083,AGWX,1575.816,41.9622,-112.491,2.2799039999999997,21.166666666666664,2017-09-13T00:00:00Z,0,0,0,0,0,-999999,-999999,0.17,-999999,-999999,-999999,24,23.17,-999999,-999999,3.641052715401364,136.9501116157359,25.030000686645508,14.539999961853027
214,LBW Paradise,1231964,AGWX,1481.0232,41.5724,-111.855,2.8163519999999997,21,2017-09-13T00:00:00Z,0.254,0.254,0.254,0.254,0.254,-999999,-999999,0.14,-999999,-999999,-999999,20.56,20.5,-999999,-999999,3.996640521454968,52.680290678252526,39.20000076293945,15.40999984741211
215,Murray,1138094,AGWX,1307.592,40.6313,-111.92,1.34112,22.722222222222225,2017-09-13T00:00:00Z,0.254,0.762,1.524,1.524,1.778,-999999,-999999,0.24,-999999,-999999,-999999,20.33,20.28,-999999,-999999,0.45143772809998595,223.89620267191668,32.7599983215332,18.860000610351563
216,Bluebell,1265823,AGWX,1885.4928,40.3726,-110.209,1.56464,17.944444444444443,2017-09-13T00:00:00Z,0,0,0,0,0,-999999,-999999,0.2,-999999,-999999,-999999,18.39,18.44,-999999,-999999,0.7642998271250852,128.95235700949718,32.43000030517578,14.640000343322754
217,Snowville South,1138082,AGWX,1466.6976,41.8663,-112.725,3.57632,23.166666666666668,2017-09-13T00:00:00Z,0,0,0,0,0,-999999,-999999,0.09,-999999,-999999,-999999,27.28,26.33,-999999,-999999,2.2469377257150316,265.85613543898734,23.68000030517578,16.1299991607666
218,Evans Farm,1138090,AGWX,1382.268,41.6945,-111.833,1.922272,20.444444444444443,2017-09-13T00:00:00Z,0,0,0,0,0,-999999,-999999,0.11,-999999,-999999,-999999,25.28,23.94,-999999,-999999,1.020655565254161,296.7702845439757,37.040000915527344,15.949999809265137
219,Hardware Ranch,1138091,AGWX,1695.9072,41.6012,-111.567,1.56464,15.11111111111111,2017-09-13T00:00:00Z,0.254,0.254,0.254,0.254,0.762,-999999,-999999,0.22,-999999,-999999,-999999,11.72,9.72,-999999,-999999,4.4868684628182045,286.9861884893368,35.63999938964844,13.020000457763672
220,Tremonton,1138087,AGWX,1320.0888,41.7229,-112.154,1.6987519999999998,20.888888888888886,2017-09-13T00:00:00Z,0,0,0,0,0,-999999,-999999,0.34,-999999,-999999,-999999,21.67,21.17,-999999,-999999,1.0200659983147942,129.95398640576713,33.119998931884766,16.899999618530273
221,Beryl Junction,1138079,AGWX,1580.9976000000001,37.7196,-113.702,1.6987519999999998,17.27777777777778,2017-09-13T00:00:00Z,0.254,0.254,0.254,0.254,3.81,-999999,-999999,0.18,-999999,-999999,-999999,21.39,21.44,-999999,-999999,0.35245525156842716,21.09439533484037,21.6299991607666,16.899999618530273
222,Lewiston,1138084,AGWX,1375.8672000000001,41.9521,-111.869,2.2352,18.77777777777778,2017-09-13T00:00:00Z,0,0,0,0,0,-999999,-999999,0.11,-999999,-999999,-999999,22.89,21.5,-999999,-999999,0.0395541644715118,261.68344255353827,35.279998779296875,15.84000015258789
223,LBW ExpFarm,1231953,AGWX,1370.9904000000001,41.6662,-111.891,1.966976,20.611111111111107,2017-09-13T00:00:00Z,0,0,0,0,0,-999999,-999999,0.2,-999999,-999999,-999999,22.44,21.83,-999999,-999999,0.24277412195616688,339.2726120559745,36.43000030517578,16.030000686645508
224,Loa,1265824,AGWX,2168.9568,38.3834,-111.636,2.190496,13.88888888888889,2017-09-13T00:00:00Z,0,1.27,10.668,10.668,17.78,-999999,-999999,0.12,-999999,-999999,-999999,-999999,15.11,-999999,-999999,0.7085593484525086,62.38604226046675,25.790000915527344,13.5600004196167
225,Nephi,1138095,AGWX,1524.6096,39.6894,-111.877,2.592832,19.61111111111111,2017-09-13T00:00:00Z,0,0,0,0,0.508,-999999,-999999,0.11,-999999,-999999,-999999,22.56,21.83,-999999,-999999,0.2900071805822312,257.95321281507876,30.700000762939453,17.719999313354492
226,Eagle Lake,1231954,AGWX,1334.1096,41.1668,-112.05,1.4752319999999999,22.722222222222225,2017-09-13T00:00:00Z,5.842,5.842,9.905999999999999,14.985999999999999,20.32,-999999,-999999,0.46,-999999,-999999,-999999,22.11,0.39,-999999,-999999,1.4789803114146336,273.6051514988748,35.63999938964844,18.040000915527344
227,Spanish Fork,1138093,AGWX,1438.9608,40.0672,-111.629,1.0728959999999998,21.38888888888889,2017-09-13T00:00:00Z,0,0,0,0,0,-999999,-999999,0.07,-999999,-999999,-999999,21.44,21.78,-999999,-999999,0.7492281253563854,322.8381657564489,38.630001068115234,17.90999984741211
228,Cedar City,1138078,AGWX,1685.2392,37.673,-113.137,1.654048,17.944444444444443,2017-09-13T00:00:00Z,0,0,0.254,0.254,2.794,-999999,-999999,0.15,-999999,-999999,-999999,17.17,17.5,-999999,-999999,0.2621767588266358,214.08892782487297,18.59000015258789,17.479999542236328
229,Greenville Farm,1150661,AGWX,1412.748,41.7665,-111.811,1.743456,21.5,2017-09-13T00:00:00Z,0,0,0,0,0,-999999,-999999,0.12,-999999,-999999,-999999,20.72,20.78,-999999,-999999,1.6996367123079845,240.72508453422992,37.099998474121094,15.729999542236328
230,EastFork,1231955,AGWX,1558.1376,41.5355,-111.806,2.414016,21.22222222222222,2017-09-13T00:00:00Z,0.254,0.254,0.254,0.254,0.254,-999999,-999999,0.25,-999999,-999999,-999999,21.28,20.67,-999999,-999999,2.831860015085963,209.81835150221463,39.88999938964844,14.979999542236328
231,Laketown,1138086,AGWX,1816.3032,41.8379,-111.334,3.173984,18.555555555555557,2017-09-13T00:00:00Z,0,0,0,0.508,3.81,-999999,-999999,0.15,-999999,-999999,-999999,20.06,18.83,-999999,-999999,0.013838832333928595,229.30706137855628,26.190000534057617,12.729999542236328
232,Green River,1277538,AGWX,1322.832,39.059,-110.091,-999999,-999999,2017-09-13T00:00:00Z,-999999,-999999,-999999,-999999,-999999,-999999,-999999,-999999,-999999,-999999,-999999,-999999,-999999,-999999,-999999,0.9426447530197584,260.4468502612268,22.239999771118164,19.81999969482422
233,Centerfield,1285709,AGWX,1574.2920000000001,39.0996,-111.808,-999999,-999999,2017-09-13T00:00:00Z,-999999,-999999,-999999,-999999,-999999,-999999,-999999,-999999,-999999,-999999,-999999,-999999,-999999,-999999,-999999,0.7916081906063559,267.5204820889125,24.1200008392334,17.010000228881836
234,Randolph Center,1293789,AGWX,1914.7536,41.6707,-111.174,-999999,-999999,2017-09-13T00:00:00Z,-999999,-999999,-999999,-999999,-999999,-999999,-999999,-999999,-999999,-999999,-999999,-999999,-999999,-999999,-999999,0.17429277562791562,105.99682550467908,35.849998474121094,11.4399995803833
235,Cornish,1293791,AGWX,1381.6584,41.9936,-111.967,-999999,-999999,2017-09-13T00:00:00Z,-999999,-999999,-999999,-999999,-999999,-999999,-999999,-999999,-999999,-999999,-999999,-999999,-999999,-999999,-999999,0.5228981739141456,92.73698933835254,34.29999923706055,15.800000190734863
236,Milford Flat,1293785,AGWX,1543.8120000000001,38.2983,-113.005,-999999,-999999,2017-09-13T00:00:00Z,-999999,-999999,-999999,-999999,-999999,-999999,-999999,-999999,-999999,-999999,-999999,-999999,-999999,-999999,-999999,0.4532746201054056,291.4119341011227,22.90999984741211,17.719999313354492
237,Manila,1282825,AGWX,1942.7952,40.9831,-109.728,-999999,-999999,2017-09-13T00:00:00Z,-999999,-999999,-999999,-999999,-999999,-999999,-999999,-999999,-999999,-999999,-999999,-999999,-999999,-999999,-999999,1.8718577567550534,116.72306674450935,24.90999984741211,14.470000267028809
238,EMCNolan,1282580,AGWX,1480.4136,40.3598,-111.978,-999999,-999999,2017-09-13T00:00:00Z,-999999,-999999,-999999,-999999,-999999,-999999,-999999,-999999,-999999,-999999,-999999,-999999,-999999,-999999,-999999,1.3283757058275967,54.014564628631334,30.75,17.190000534057617
239,EMCPonyEx,1282583,AGWX,1489.2528,40.313,-112.031,-999999,-999999,2017-09-13T00:00:00Z,-999999,-999999,-999999,-999999,-999999,-999999,-999999,-999999,-999999,-999999,-999999,-999999,-999999,-999999,-999999,0.2872319763168946,191.18748200841898,27.350000381469727,16.700000762939453
213,USU Environmental Observatory,1279257,USUwx,1460.6016,41.7423,-111.812,-999999,-999999,2017-09-13T00:00:00Z,-999999,-999999,-999999,-999999,-999999,-999999,-999999,-999999,-999999,-999999,-999999,-999999,-999999,-999999,-999999,0.7718430383262389,278.9983883174665,38.650001525878906,15.619999885559082
213,West Mt. Satellite,24,FGNET,1427.3784,40.0272,-111.788,-999999,-999999,2017-09-13T00:00:00Z,-999999,-999999,-999999,-999999,-999999,-999999,-999999,-999999,-999999,-999999,-999999,-999999,-999999,-999999,-999999,0.9863041257659437,54.83360523993679,34.25,18.100000381469727
214,Tintic - South Ridge Farm,10,FGNET,1785.8232,39.8724,-112.135,1.922272,19.833333333333332,2017-09-13T00:00:00Z,0,0,0,0,0.508,-999999,-999999,-999999,-999999,-999999,-999999,-999999,-999999,-999999,-999999,1.7538076681036303,262.57942418738264,29.3799991607666,16.18000030517578
215,Genola South - McMullin,19,FGNET,1436.8272000000002,40.005,-111.82,1.207008,21.27777777777778,2017-09-13T00:00:00Z,0.508,0.508,0.508,0.508,0.508,-999999,-999999,-999999,-999999,-999999,-999999,-999999,-999999,-999999,-999999,1.739449133260033,278.7231673376818,34.290000915527344,18.079999923706055
216,Goshen - CHF,15,FGNET,1451.4576000000002,39.9233,-111.883,4.380992,23.277777777777782,2017-09-13T00:00:00Z,0,1.016,1.016,1.016,1.016,-999999,-999999,-999999,-999999,-999999,-999999,-999999,-999999,-999999,-999999,0.975231220243643,352.57129315957565,32.11000061035156,18.219999313354492
217,Perry - Sumida Farm,9,FGNET,1327.7088,41.4488,-112.036,2.324608,23.333333333333332,2017-09-13T00:00:00Z,0.508,0.508,0.508,0.508,0.508,-999999,-999999,-999999,-999999,-999999,-999999,-999999,-999999,-999999,-999999,4.4828206390885255,264.19951782646024,41.099998474121094,17.059999465942383
218,Leeds - Stirling Farm,18,FGNET,1047.93288,37.2321,-113.352,1.162304,25.944444444444443,2017-09-13T00:00:00Z,0,0,0,0,3.302,-999999,-999999,-999999,-999999,-999999,-999999,-999999,-999999,-999999,-999999,3.7339569615810744,98.70418389761652,18.290000915527344,24.110000610351563
219,Genola - CHF Gala,5,FGNET,1420.3680000000002,40.0367,-111.851,1.519936,21.944444444444443,2017-09-13T00:00:00Z,0,0,0,0,0,-999999,-999999,-999999,-999999,-999999,-999999,-999999,-999999,-999999,-999999,5.507641323893472,219.72061618552777,34.06999969482422,18.31999969482422
220,Lincoln Point - South Shore Farms,4,FGNET,1404.5184000000002,40.135,-111.82,1.251712,20.611111111111107,2017-09-13T00:00:00Z,0,0,0,0,0,-999999,-999999,-999999,-999999,-999999,-999999,-999999,-999999,-999999,-999999,4.4736080999147365,317.121217503934,32.84000015258789,17.8799991607666
221,West Mountain Center - McMullin,20,FGNET,1433.4744,40.0143,-111.786,1.8328639999999998,20.833333333333332,2017-09-13T00:00:00Z,0.254,0.254,0.254,0.254,0.254,-999999,-999999,-999999,-999999,-999999,-999999,-999999,-999999,-999999,-999999,0.6459953408539357,14.337300879034041,34.599998474121094,18.170000076293945
222,Santaquin East - Wall,22,FGNET,1453.8960000000002,39.9968,-111.771,2.056384,21.555555555555557,2017-09-13T00:00:00Z,0,0,0,0,0,-999999,-999999,-999999,-999999,-999999,-999999,-999999,-999999,-999999,-999999,0.9703962726662234,26.099521347289315,34.88999938964844,18.06999969482422
223,Payson - Allred Farm,2,FGNET,1484.0712,40.0248,-111.702,1.966976,21.722222222222218,2017-09-13T00:00:00Z,0,0,0,0,0,-999999,-999999,-999999,-999999,-999999,-999999,-999999,-999999,-999999,-999999,3.831113915525079,351.84369215057035,40.68000030517578,17.950000762939453
224,Kaysville - USU Farm,7,FGNET,1371.6000000000001,41.021,-111.93,1.743456,23.22222222222222,2017-09-13T00:00:00Z,0,0,0,0,0,-999999,-999999,-999999,-999999,-999999,-999999,-999999,-999999,-999999,-999999,0.9258759839881093,232.51213029283866,38.130001068115234,18.350000381469727
225,Santaquin West - CHF North,14,FGNET,1481.0232,39.9867,-111.803,1.966976,20.72222222222222,2017-09-13T00:00:00Z,0,0,0,0,0,-999999,-999999,-999999,-999999,-999999,-999999,-999999,-999999,-999999,-999999,1.0560986306548694,324.21818710131043,34.279998779296875,17.90999984741211
226,Lindon - Stratton Fruit,16,FGNET,1446.276,40.3342,-111.71,1.162304,21.333333333333336,2017-09-13T00:00:00Z,0.508,0.508,0.508,0.508,0.508,-999999,-999999,-999999,-999999,-999999,-999999,-999999,-999999,-999999,-999999,0.3833083278369905,303.3480293014518,32.70000076293945,17.969999313354492
227,Alpine - Burgess Orchards,6,FGNET,1566.672,40.463,-111.76,0.581152,18.77777777777778,2017-09-13T00:00:00Z,0,0,0,0,0,-999999,-999999,-999999,-999999,-999999,-999999,-999999,-999999,-999999,-999999,1.8569834239663976,206.1014843418275,38.4900016784668,17.15999984741211
228,Thatcher,1270767,FGNET,1356.6648,41.69,-112.3,1.8328639999999998,21.944444444444443,2017-09-13T00:00:00Z,0,0,0,0,0,-999999,-999999,-999999,-999999,-999999,-999999,-999999,-999999,-999999,-999999,4.538612149285333,97.62293094526497,37.31999969482422,16.760000228881836
229,West Mountain - Wall,3,FGNET,1427.3784,40.0272,-111.788,1.8775680000000001,20.444444444444443,2017-09-13T00:00:00Z,0.508,0.508,0.508,0.508,0.508,-999999,-999999,-999999,-999999,-999999,-999999,-999999,-999999,-999999,-999999,0.9863041257659437,54.83360523993679,34.25,18.100000381469727
230,testStation,1265881,FGNET,371.52072000000004,37.2047,-112.978,-999999,-999999,2017-09-13T00:00:00Z,-999999,-999999,-999999,-999999,-999999,-999999,-999999,-999999,-999999,-999999,-999999,-999999,-999999,-999999,-999999,11.785148965815647,299.6125403551598,25.079999923706055,22.170000076293945
231,Pleasant View - Thinnes Orchard,8,FGNET,1343.8632,41.316,-111.992,0.44704,21.944444444444443,2017-09-13T00:00:00Z,2.794,2.794,2.794,2.794,2.794,-999999,-999999,-999999,-999999,-999999,-999999,-999999,-999999,-999999,-999999,2.6230089215716728,204.82665390397594,37.27000045776367,17.530000686645508
232,American Fork - Riley,11,FGNET,1407.2616,40.3938,-111.818,1.385824,20.444444444444443,2017-09-13T00:00:00Z,0,0,0,0,0,-999999,-999999,-999999,-999999,-999999,-999999,-999999,-999999,-999999,-999999,2.489054301596322,179.40475636533526,31.290000915527344,18.139999389648438
233,Santaquin - South Ridge Farms,1,FGNET,1493.52,39.9633,-111.799,2.7269439999999996,21.5,2017-09-13T00:00:00Z,0,0,0,0,0,-999999,-999999,-999999,-999999,-999999,-999999,-999999,-999999,-999999,-999999,0.8567557749623115,309.31313287289487,34.130001068115234,17.829999923706055
234,Bear Lake Observatory,13,FGNET,1343.8632,41.934,-111.42,-999999,-999999,2017-09-13T00:00:00Z,-999999,-999999,-999999,-999999,-999999,-999999,-999999,-999999,-999999,-999999,-999999,-999999,-999999,-999999,-999999,6.264422138746436,84.41947381573468,38.16999816894531,11.9399995803833
235,Greenville Farm,12,FGNET,1402.9944,41.7654,-111.813,-999999,-999999,2017-09-13T00:00:00Z,-999999,-999999,-999999,-999999,-999999,-999999,-999999,-999999,-999999,-999999,-999999,-999999,-999999,-999999,-999999,1.4763972252554867,249.68659395681897,36.5099983215332,15.90999984741211
236,West Mountain South - Orchard View,21,FGNET,1460.2968,39.9978,-111.798,1.609344,20.38888888888889,2017-09-13T00:00:00Z,0,0,0,0,0,-999999,-999999,-999999,-999999,-999999,-999999,-999999,-999999,-999999,-999999,0.7595414632636573,349.8957882290814,34.65999984741211,18.040000915527344
237,River Heights - Zollinger Fruit Farm,17,FGNET,1423.1112,41.7254,-111.806,1.56464,20.777777777777782,2017-09-13T00:00:00Z,0,0,0,0,0,-999999,-999999,-999999,-999999,-999999,-999999,-999999,-999999,-999999,-999999,7.2155062754909665,245.7135907626722,39.02000045776367,15.640000343322754
